,119,154,900,3583,8001,8047,17149,17639,17642,25613,28222,29253
Reference,C,T,C,C,A,C,G,C,C,C,A,C
Sample1,T (0.343),T (0.408),T (0.346),C (0.243),G (0.206),T (0.255),T (0.284),C (0.306),C (0.311),T (0.237),A (0.269),T (0.314)
Sample1+2,C/T,C/T,C/T,T/C,A/G,C/T,G/T,T/C,G/C,C/T,G/A,C/T
Sample2,C (0.657),C (0.592),C (0.654),T (0.757),A (0.794),C (0.745),G (0.716),T (0.694),G (0.689),C (0.763),G (0.731),C (0.686)
Total_DP,636,709,729,560,835,928,1120,981,982,481,1135,774
B.1.617.2,,,,,,,,,,,,
AY.127,,,,,,,,,,,,
BA.1,,,,,,,,,,,,
BA.2.36,,,,,,,,,,,,
AY.124,,,,,,,,,,,,
BA.1.1.1,,,,,,,,,,,,
B.1,,,,,,,,,,,,
C.39,,,,,,,,,,,,
BA.3,,,,,,,,,,,,
AY.43,,,,,,,,,,,,
BA.4,,,,,,,,,,,,
AY.122,,,,,,,,,,,,
B.1.1.7,,,,,,,,,,,,
BA.1.1,,,,,,,,,,,,
BA.5.1,,,,,,,,,,,,
B.1.1,,,,,,,,,,,,
B.1.177,,,,,,,,,,,,
BA.2,,,,,,,,,,,,
BA.1.17,,,,,,,,,,,,
