,119,154,241,900,1474,1528,3037,3583,6286,7782,8001,8047,14408,17149,17639,17642,20268,23403,25613,25810,28222,29253,29771
Reference,C,T,C,C,T,C,C,C,C,A,A,C,C,G,C,C,A,A,C,C,A,C,A
Sample1,T (0.343),T (0.408),T,T (0.346),C (0.087),T (0.071),T,C (0.243),T (0.149),T (0.058),G (0.206),T (0.255),T,T (0.284),C (0.306),C (0.311),G,G,T (0.237),T (0.066),A (0.269),T (0.314),T
Sample1+2,C/T,C/T,T,C/T,T/C,C/T,T,T/C,C/T,A/T,A/G,C/T,T,G/T,T/C,G/C,G,G,C/T,C/T,G/A,C/T,T
Sample2,C (0.657),C (0.592),T,C (0.654),T (0.913),C (0.929),T,T (0.757),C (0.851),A (0.942),A (0.794),C (0.745),T,G (0.716),T (0.694),G (0.689),G,G,C (0.763),C (0.934),G (0.731),C (0.686),T
Total_DP,636,709,713,729,323,282,756,560,853,1002,835,928,1053,1120,981,982,224,982,481,196,1135,774,232
B.1.617.2,,,,,,,,,,,,,B.1.617.2,,,,,B.1.617.2,,,,,
AY.127,,,,,,,,,,,,,AY.127,,,,,AY.127,,,,,
BA.1,,,,,,,,,,,,,BA.1,,,,,BA.1,,,,,
BA.2.36,,,,,,,,,,,,,BA.2.36,,,,,BA.2.36,,,,,
AY.124,,,,,,,,,,,,,AY.124,,,,,AY.124,,,,,
BA.1.1.1,,,,,,,,,,,,,BA.1.1.1,,,,,BA.1.1.1,,,,,
B.1,,,,,,,,,,,,,B.1,,,,,B.1,,,,,
C.39,,,,,,,,,,,,,C.39,,,,,C.39,,,,,
BA.3,,,,,,,,,,,,,BA.3,,,,,BA.3,,,,,
AY.43,,,,,,,,,,,,,AY.43,,,,,AY.43,,,,,
BA.4,,,,,,,,,,,,,BA.4,,,,,BA.4,,,,,
AY.122,,,,,,,,,,,,,AY.122,,,,,AY.122,,,,,
B.1.1.7,,,,,,,,,,,,,B.1.1.7,,,,,B.1.1.7,,,,,
BA.1.1,,,,,,,,,,,,,BA.1.1,,,,,BA.1.1,,,,,
BA.5.1,,,,,,,,,,,,,BA.5.1,,,,,BA.5.1,,,,,
B.1.1,,,,,,,,,,,,,B.1.1,,,,,B.1.1,,,,,
B.1.177,,,,,,,,,,,,,B.1.177,,,,,B.1.177,,,,,
BA.2,,,,,,,,,,,,,BA.2,,,,,BA.2,,,,,
BA.1.17,,,,,,,,,,,,,BA.1.17,,,,,BA.1.17,,,,,
