,210,241,733,1191,2749,3037,3871,4148,4754,4844,5648,6319,6402,6613,8017,10029,11201,11332,12778,13860,14408,15451,16466,17259,19220,21077,21614,21618,21621,21638,21974,22132,22599,22812,23012,23063,23403,23525,24642,25088,26149,27638,27752,27874,28167,28395,28512,28877,28878,28881,28882,28883,28887,28916,28979,28985,29402,29742,29750,29834
Reference,G,C,T,C,C,C,G,G,C,T,A,A,C,A,G,C,A,A,C,C,C,G,C,G,C,C,C,C,C,C,G,G,G,A,G,A,A,C,C,G,T,T,C,C,G,G,C,A,G,G,G,G,C,G,G,G,G,G,C,T
Sample1,T (0.239),T,C (0.475),T,C (0.427),T,C (0.158),G (0.145),T,C,C (0.491),G (0.281),T (0.376),G,T (0.455),T (0.174),G (0.292),G (0.231),C (0.431),C (0.125),T,A (0.347),T (0.18),T (0.478),T (0.262),T (0.464),C (0.346),G (0.201),C (0.345),C (0.345),G (0.143),T (0.299),A (0.239),C (0.487),A,T,G,T,C (0.436),G (0.454),C,C (0.234),T (0.279),T (0.163),G (0.468),A (0.442),G,A (0.451),G (0.472),T (0.434),G (0.453),G (0.453),C (0.442),T (0.297),G (0.306),G (0.311),T (0.286),T (0.257),C (0.364),T (0.26)
Sample1+2,G/T,T,T/C,T,T/C,T,G/C,T/G,T,C,A/C,A/G,C/T,G,G/T,C/T,A/G,A/G,T/C,T/C,T,G/A,C/T,G/T,C/T,C/T,T/C,C/G,A/C,T/C,T/G,G/T,G/A,A/C,A,T,G,T,T/C,T/G,C,T/C,C/T,C/T,A/G,G/A,G,T/A,C/G,G/T,A/G,C/G,T/C,G/T,A/G,T/G,G/T,G/T,T/C,A/T
Sample2,G (0.761),T,T (0.525),T,T (0.573),T,G (0.842),T (0.855),T,C,A (0.509),A (0.719),C (0.624),G,G (0.545),C (0.826),A (0.708),A (0.769),T (0.569),T (0.875),T,G (0.653),C (0.82),G (0.522),C (0.738),C (0.536),T (0.654),C (0.799),A (0.655),T (0.655),T (0.857),G (0.701),G (0.761),A (0.513),A,T,G,T,T (0.564),T (0.546),C,T (0.766),C (0.721),C (0.837),A (0.532),G (0.558),G,T (0.549),C (0.528),G (0.566),A (0.547),C (0.547),T (0.558),G (0.703),A (0.694),T (0.689),G (0.714),G (0.743),T (0.636),A (0.74)
Total_DP,636,666,1095,687,485,717,297,1060,777,958,662,1515,1454,1081,1118,195,2140,1852,1627,1114,1177,1079,651,2059,1041,952,269,259,261,252,498,318,618,565,55,66,1515,748,810,733,1049,64,68,178,924,1134,1095,51,53,53,53,53,52,64,62,61,385,136,143,77
B.1.617.2,,,,,,,,,,,,,,,,,,,,,B.1.617.2,,,,,,,,,,,,,,,,B.1.617.2,,,,,,,,,,,,,,,,,,,,,,,
AY.127,,,,,,,,,,,,,AY.127,,,AY.127,AY.127,,,,AY.127,AY.127,AY.127,,AY.127,,,AY.127,,,,,,,,,AY.127,,,,,AY.127,AY.127,AY.127,,,,,,AY.127,,,,AY.127,,,AY.127,,,
BA.1,,,,,,,,,,,,,,,,BA.1,,,,,BA.1,,,,,,,,,,,,,,,BA.1,BA.1,BA.1,,,,,,,,,,,,BA.1,BA.1,BA.1,,,,,,,,
BA.2.36,,,,,,,,,,,,,,,,BA.2.36,,,,,BA.2.36,,,,,,,BA.2.36,,,,,,,,BA.2.36,BA.2.36,BA.2.36,,,,,,,,,,,,BA.2.36,BA.2.36,BA.2.36,,,,,,,,
AY.124,,,,,,,,,,,,,AY.124,,,AY.124,AY.124,,,,AY.124,AY.124,AY.124,,AY.124,,,AY.124,,,,,,,,,AY.124,,,,,AY.124,AY.124,AY.124,,,,,,AY.124,,,,AY.124,,,AY.124,,,
BA.1.1.1,,,,,,,,,,,,,,,,BA.1.1.1,,,,,BA.1.1.1,,,,,,,,,,,,BA.1.1.1,,,BA.1.1.1,BA.1.1.1,BA.1.1.1,,,,,,,,,,,,BA.1.1.1,BA.1.1.1,BA.1.1.1,,,,,,,,
B.1,,,,,,,,,,,,,,,,,,,,,B.1,,,,,,,,,,,,,,,,B.1,,,,,,,,,,,,,,,,,,,,,,,
C.39,,,,,,,,,,,,,,,,,,,,,C.39,,,,,,,,,,,,,,,,C.39,,,,,,,,,,,,,C.39,C.39,C.39,,,,,,,,
BA.3,,,,,,,,,,,,,,,,BA.3,,,,,BA.3,,,,,,,,,,,,,,,BA.3,BA.3,BA.3,,,,,,,,,,,,BA.3,BA.3,BA.3,,,,,,,,
AY.43,,,,,,,,,,,,,AY.43,,,AY.43,AY.43,,,,AY.43,AY.43,AY.43,,AY.43,,,AY.43,,,,,,,,,AY.43,,,,,AY.43,AY.43,AY.43,,,,,,AY.43,,,,AY.43,,,AY.43,,,
BA.4,,,,,,,,,,,,,,,,BA.4,,,,,BA.4,,,,,,,BA.4,,,,,,,,BA.4,BA.4,BA.4,,,,,,,,,,,,,,BA.4,,,,,,,,
AY.122,,,,,,,,,,,,,AY.122,,,AY.122,AY.122,,,,AY.122,AY.122,AY.122,,AY.122,,,AY.122,,,,,,,,,AY.122,,,,,AY.122,AY.122,AY.122,,,,,,AY.122,,,,AY.122,,,AY.122,,,
B.1.1.7,,,,,,,,,,,,,,,,,,,,,B.1.1.7,,,,,,,,,,,,,,,B.1.1.7,B.1.1.7,,,,,,,,,,,,,B.1.1.7,B.1.1.7,B.1.1.7,,,,,,,,
BA.1.1,,,,,,,,,,,,,,,,BA.1.1,,,,,BA.1.1,,,,,,,,,,,,BA.1.1,,,BA.1.1,BA.1.1,BA.1.1,,,,,,,,,,,,BA.1.1,BA.1.1,BA.1.1,,,,,,,,
BA.5.1,,,,,,,,,,,,,,,,BA.5.1,,,,,BA.5.1,,,,,,,BA.5.1,,,,,,,,BA.5.1,BA.5.1,BA.5.1,,,,,,,,,,,,BA.5.1,BA.5.1,BA.5.1,,,,,,,,
B.1.1,,,,,,,,,,,,,,,,,,,,,B.1.1,,,,,,,,,,,,,,,,B.1.1,,,,,,,,,,,,,B.1.1,B.1.1,B.1.1,,,,,,,,
B.1.177,,,,,,,,,,,,,,,,,,,,,B.1.177,,,,,,,,,,,,,,,,B.1.177,,,,,,,,,,,,,,,,,,,,,,,
BA.2,,,,,,,,,,,,,,,,BA.2,,,,,BA.2,,,,,,,BA.2,,,,,,,,BA.2,BA.2,BA.2,,,,,,,,,,,,BA.2,BA.2,BA.2,,,,,,,,
BA.1.17,,,,,,,,,,,,,,,,BA.1.17,,,,,BA.1.17,,,,,,,,,,,,,,,BA.1.17,BA.1.17,BA.1.17,,,,,,,,,,,,BA.1.17,BA.1.17,BA.1.17,,,,,,,,
