,241,313,1191,2110,2735,2878,3037,3261,3777,4002,4046,4093,4380,4434,4763,5055,6138,6242,6582,6726,7187,7411,8318,8916,9128,9173,9198,9204,9812,10074,10097,11235,11490,11986,12331,12598,12699,12945,13536,13663,14097,14106,14408,14585,14818,15457,15717,15915,16887,17678,17761,18094,18601,18617,19727,21114,21205,21588,21707,21756,21996,23403,23731,25708,25868,26110,26335,26343,26407,26456,27046,27128,27175,27367,27893,28006,28253,28271,28523,28881,28882,28883,29247
Reference,C,C,C,C,A,C,C,C,C,C,G,C,C,C,C,C,C,C,C,C,C,A,C,T,G,G,C,A,T,C,G,C,C,C,G,T,G,A,C,C,C,C,C,C,C,C,T,T,C,C,G,C,C,C,A,C,C,C,C,T,A,A,C,C,C,C,C,C,T,C,C,C,C,C,C,C,C,A,A,G,G,G,C
Sample1,T,T (0.459),T (0.359),T,A (0.286),G (0.4),T,T (0.169),T,T,T (0.463),T (0.164),T (0.157),T (0.309),T,T (0.17),T (0.22),T (0.482),C (0.238),T,T (0.214),G (0.293),T (0.185),C (0.163),T (0.225),T (0.272),T (0.265),G,C (0.203),T (0.2),A,T (0.167),T (0.23),T (0.233),A (0.248),A (0.176),T (0.167),T (0.27),T,T (0.408),T (0.162),T (0.154),T,C (0.292),T,C (0.384),C (0.152),C (0.178),T (0.167),T (0.271),A,T (0.166),T (0.462),T (0.341),A (0.44),T (0.307),T (0.154),T,T,C (0.382),G,G,T,C (0.482),T (0.443),T (0.153),T (0.189),T (0.153),C (0.185),T (0.16),T (0.481),T,T (0.152),T (0.464),T (0.168),T (0.174),T,C,G,A,A,C,T (0.252)
Sample1+2,T,C/T,C/T,T,T/A,C/G,T,C/T,T,T,G/T,C/T,C/T,C/T,T,C/T,C/T,C/T,T/C,T,C/T,A/G,C/T,T/C,G/T,G/T,C/T,G,T/C,C/T,A,C/T,C/T,C/T,G/A,T/A,G/T,A/T,T,C/T,C/T,C/T,T,T/C,T,T/C,T/C,T/C,C/T,C/T,A,C/T,C/T,C/T,T/A,C/T,C/T,T,T,T/C,G,G,T,T/C,C/T,C/T,C/T,C/T,T/C,C/T,C/T,T,C/T,C/T,C/T,C/T,T,C,G,A,A,C,C/T
Sample2,T,C (0.541),C (0.641),T,T (0.714),C (0.6),T,C (0.831),T,T,G (0.537),C (0.836),C (0.843),C (0.691),T,C (0.83),C (0.78),C (0.518),T (0.762),T,C (0.786),A (0.707),C (0.815),T (0.837),G (0.775),G (0.728),C (0.735),G,T (0.797),C (0.8),A,C (0.833),C (0.77),C (0.767),G (0.752),T (0.824),G (0.833),A (0.73),T,C (0.592),C (0.838),C (0.846),T,T (0.708),T,T (0.616),T (0.848),T (0.822),C (0.833),C (0.729),A,C (0.834),C (0.538),C (0.659),T (0.56),C (0.693),C (0.846),T,T,T (0.618),G,G,T,T (0.518),C (0.557),C (0.847),C (0.811),C (0.847),T (0.815),C (0.84),C (0.519),T,C (0.848),C (0.536),C (0.832),C (0.826),T,C,G,A,A,C,C (0.748)
Total_DP,188,194,217,59,21,30,45,539,57,209,214,444,568,301,283,100,255,421,101,129,28,321,173,411,338,323,302,297,370,20,27,642,287,550,363,609,562,496,171,331,501,513,285,113,91,216,669,781,491,431,381,277,249,340,91,274,91,34,176,191,288,744,500,83,97,849,280,308,270,243,108,112,256,274,304,334,411,645,472,30,30,30,656
BA.3,,,,,,,,,,,,,,,,,,,,,,,,,,,,,,,,,,,,,,,,,,,BA.3,,,,,,,,,,,,,,,,,,,BA.3,,,,,,,,,,,,,,,,,,BA.3,BA.3,BA.3,
AY.43,,,,,,,,,,,,,,,,,,,,,,,,,,,,,,,,,,,,,,,,,,,AY.43,,,,,,,,,,,,,,,,,,,AY.43,,,,,,,,,,,,,,,,,,AY.43,,,
B.1.1.7,,,,,,,,,,,,,,,,,,,,,,,,,,,,,,,,,,,,,,,,,,,B.1.1.7,,,,,,,,,,,,,,,,,,,B.1.1.7,,,,,,,,,,,,,,,,,,B.1.1.7,B.1.1.7,B.1.1.7,
BA.4,,,,,,,,,,,,,,,,,,,,,,,,,,,,,,,,,,,,,,,,,,,BA.4,,,,,,,,,,,,,,,,,,,BA.4,,,,,,,,,,,,,,,,,,,,BA.4,
AY.127,,,,,,,,,,,,,,,,,,,,,,,,,,,,,,,,,,,,,,,,,,,AY.127,,,,,,,,,,,,,,,,,,,AY.127,,,,,,,,,,,,,,,,,,AY.127,,,
BA.2,,,,,,,,,,,,,,,,,,,,,,,,,,,,,,,,,,,,,,,,,,,BA.2,,,,,,,,,,,,,,,,,,,BA.2,,,,,,,,,,,,,,,,,,BA.2,BA.2,BA.2,
BA.5.1,,,,,,,,,,,,,,,,,,,,,,,,,,,,,,,,,,,,,,,,,,,BA.5.1,,,,,,,,,,,,,,,,,,,BA.5.1,,,,,,,,,,,,,,,,,,BA.5.1,BA.5.1,BA.5.1,
C.39,,,,,,,,,,,,,,,,,,,,,,,,,,,,,,,,,,,,,,,,,,,C.39,,,,,,,,,,,,,,,,,,,C.39,,,,,,,,,,,,,,,,,,C.39,C.39,C.39,
BA.1,,,,,,,,,,,,,,,,,,,,,,,,,,,,,,,,,,,,,,,,,,,BA.1,,,,,,,,,,,,,,,,,,,BA.1,,,,,,,,,,,,,,,,,,BA.1,BA.1,BA.1,
B.1.617.2,,,,,,,,,,,,,,,,,,,,,,,,,,,,,,,,,,,,,,,,,,,B.1.617.2,,,,,,,,,,,,,,,,,,,B.1.617.2,,,,,,,,,,,,,,,,,,,,,
AY.124,,,,,,,,,,,,,,,,,,,,,,,,,,,,,,,,,,,,,,,,,,,AY.124,,,,,,,,,,,,,,,,,,,AY.124,,,,,,,,,,,,,,,,,,AY.124,,,
BA.2.36,,,,,,,,,,,,,,,,,,,,,,,,,,,,,,,,,,,,,,,,,,,BA.2.36,,,,,,,,,,,,,,,,,,,BA.2.36,,,,,,,,,,,,,,,,,,BA.2.36,BA.2.36,BA.2.36,
BA.1.1.1,,,,,,,,,,,,,,,,,,,,,,,,,,,,,,,,,,,,,,,,,,,BA.1.1.1,,,,,,,,,,,,,,,,,,,BA.1.1.1,,,,,,,,,,,,,,,,,,BA.1.1.1,BA.1.1.1,BA.1.1.1,
B.1.177,,,,,,,,,,,,,,,,,,,,,,,,,,,,,,,,,,,,,,,,,,,B.1.177,,,,,,,,,,,,,,,,,,,B.1.177,,,,,,,,,,,,,,,,,,,,,
BA.1.17,,,,,,,,,,,,,,,,,,,,,,,,,,,,,,,,,,,,,,,,,,,BA.1.17,,,,,,,,,,,,,,,,,,,BA.1.17,,,,,,,,,,,,,,,,,,BA.1.17,BA.1.17,BA.1.17,
B.1,,,,,,,,,,,,,,,,,,,,,,,,,,,,,,,,,,,,,,,,,,,B.1,,,,,,,,,,,,,,,,,,,B.1,,,,,,,,,,,,,,,,,,,,,
B.1.1,,,,,,,,,,,,,,,,,,,,,,,,,,,,,,,,,,,,,,,,,,,B.1.1,,,,,,,,,,,,,,,,,,,B.1.1,,,,,,,,,,,,,,,,,,B.1.1,B.1.1,B.1.1,
BA.1.1,,,,,,,,,,,,,,,,,,,,,,,,,,,,,,,,,,,,,,,,,,,BA.1.1,,,,,,,,,,,,,,,,,,,BA.1.1,,,,,,,,,,,,,,,,,,BA.1.1,BA.1.1,BA.1.1,
AY.122,,,,,,,,,,,,,,,,,,,,,,,,,,,,,,,,,,,,,,,,,,,AY.122,,,,,,,,,,,,,,,,,,,AY.122,,,,,,,,,,,,,,,,,,AY.122,,,
