,241,376,445,469,1640,2091,2358,3037,5835,6286,7743,7767,7984,8047,10207,10543,11003,11459,12439,13515,14408,17104,18214,18796,20268,21255,22227,22879,23403,24023,25413,26198,26801,27944,28851,28932,28975,29402,29614,29645,29734
Reference,C,G,T,T,G,C,C,C,C,C,G,T,T,C,C,C,C,T,C,C,C,C,G,C,A,G,C,C,A,C,C,C,C,C,G,C,G,G,C,G,G
21024292_1,T,G (0.449),C (0.439),T (0.443),X (0.453),T (0.414),C (0.393),T,C (0.433),T (0.352),T (0.44),X (0.455),T (0.352),C (0.303),T (0.42),T (0.35),C (0.443),T (0.381),T (0.311),T (0.337),T,C (0.315),G (0.352),C (0.39),A (0.409),X (0.493),T (0.372),C (0.424),G,X (0.484),T (0.433),C (0.339),G (0.375),T (0.317),X (0.49),T (0.449),X (0.466),X (0.47),C (0.415),T (0.415),G (0.39)
21024292_1+2,T,T/G,T/C,C/T,A/G,C/T,T/C,T,T/C,C/T,G/T,C/T,C/T,T/C,C/T,C/T,T/C,G/T,C/T,C/T,T,T/C,A/G,T/C,G/A,G/C,C/T,A/C,G,T/C,C/T,T/C,C/G,C/T,T/G,C/T,T/G,G/T,T/C,G/T,C/G
21024292_2,T,T (0.551),T (0.561),C (0.557),X (0.546),C (0.586),T (0.607),T,T (0.567),C (0.647),G (0.56),X (0.544),C (0.648),T (0.697),C (0.58),C (0.65),T (0.557),G (0.619),C (0.689),C (0.663),T,T (0.685),A (0.647),T (0.61),G (0.591),X (0.507),C (0.628),A (0.576),G,X (0.516),C (0.567),T (0.661),C (0.625),C (0.68),X (0.51),C (0.551),X (0.534),X (0.53),T (0.583),G (0.585),C (0.61)
Total_DP,1370,1241,987,1156,1098,355,667,434,1406,1590,963,954,1224,1347,1620,1170,1002,1445,936,667,1088,1629,1110,2004,257,150,772,648,1712,1169,1423,1638,1247,773,98,69,58,413,453,369,82
BA.3,,,,,,,,,,,,,,,,,,,,,BA.3,,,,,,,,BA.3,,,,,,,,,,,,
AY.43,,,,,,,,,,,,,,,,,,,,,AY.43,,,,,,,,AY.43,,,,,,,,,AY.43,,,
B.1.1.7,,,,,,,,,,,,,,,,,,,,,B.1.1.7,,,,,,,,B.1.1.7,,,,,,,,,,,,
BA.4,,,,,,,,,,,,,,,,,,,,,BA.4,,,,,,,,BA.4,,,,,,,,,,,,
AY.127,,,,,,,,,,,,,,,,,,,,,AY.127,,,,,,,,AY.127,,,,,,,,,AY.127,,,
BA.2,,,,,,,,,,,,,,,,,,,,,BA.2,,,,,,,,BA.2,,,,,,,,,,,,
BA.5.1,,,,,,,,,,,,,,,,,,,,,BA.5.1,,,,,,,,BA.5.1,,,,,,,,,,,,
C.39,,,,,,,,,,,,,,,,,,,,,C.39,,,,,,,,C.39,,,,,,,,,,,,
BA.1,,,,,,,,,,,,,,,,,,,,,BA.1,,,,,,,,BA.1,,,,,,,,,,,,
B.1.617.2,,,,,,,,,,,,,,,,,,,,,B.1.617.2,,,,,,,,B.1.617.2,,,,,,,,,B.1.617.2,,,
AY.124,,,,,,,,,,,,,,,,,,,,,AY.124,,,,,,,,AY.124,,,,,,,,,AY.124,,,
BA.2.36,,,,,,,,,,,,,,,,,,,,,BA.2.36,,,,,,,,BA.2.36,,,,,,,,,,,,
BA.1.1.1,,,,,,,,,,,,,,,,,,,,,BA.1.1.1,,,,,,,,BA.1.1.1,,,,,,,,,,,,
B.1.177,,,,,,,,,,,,,,,,,,,,,B.1.177,,,,,,,,B.1.177,,,,,,,B.1.177,,,,B.1.177,
BA.1.17,,,,,,,,,,,,,,,,,,,,,BA.1.17,,,,,,,,BA.1.17,,,,,,,,,,,,
B.1,,,,,,,,,,,,,,,,,,,,,B.1,,,,,,,,B.1,,,,,,,,,,,,
B.1.1,,,,,,,,,,,,,,,,,,,,,B.1.1,,,,,,,,B.1.1,,,,,,,,,,,,
BA.1.1,,,,,,,,,,,,,,,,,,,,,BA.1.1,,,,,,,,BA.1.1,,,,,,,,,,,,
AY.122,,,,,,,,,,,,,,,,,,,,,AY.122,,,,,,,,AY.122,,,,,,,,,AY.122,,,
