,Reference,22236812_1,AY.43,BA.2,BA.1
210,G,T,,,
241,C,T,,,
1560,G,T,,,
1627,C,T,,,
1820,G,A,,,
2023,C,A,,,
2790,C,T,,BA.2,
3037,C,T,,,
4181,G,T,AY.43,,
4938,C,T,,,
5074,T,X,,,
5672,C,T,,,
5924,G,A,,,
6367,G,T,,,
6402,C,T,AY.43,,
7124,C,T,AY.43,,
7275,T,C,,,
7945,C,T,,,
8106,C,T,,,
8393,G,A,,,BA.1
9053,G,T,AY.43,,
9534,C,T,,BA.2,
10029,C,T,AY.43,BA.2,BA.1
10447,G,A,,,
10449,C,A,,BA.2,BA.1
11201,A,G,AY.43,,
11332,A,G,,,
13195,T,C,,,
14408,C,T,AY.43,BA.2,BA.1
14838,C,A,,,
15240,C,T,,,
15952,C,A,AY.43,,
16466,C,T,AY.43,,
17410,C,X,,BA.2,
17694,T,C,,,
17754,G,C,,,
18167,C,T,,,
18264,C,T,,,
19220,C,X,AY.43,,
19955,C,T,,BA.2,
20055,A,G,,,
20069,G,A,,,
21159,G,T,,,
21618,C,T,AY.43,BA.2,
21846,C,T,,,BA.1
21987,G,A,,BA.2,BA.1
22675,C,A,,,
22775,G,A,,BA.2,
22792,C,T,,,
22858,C,T,,,
22992,G,A,,BA.2,BA.1
22995,C,A,AY.43,BA.2,BA.1
23013,A,C,,BA.2,BA.1
23040,A,G,,BA.2,BA.1
23048,G,A,,,BA.1
23055,A,G,,BA.2,BA.1
23063,A,T,,BA.2,BA.1
23075,T,C,,BA.2,BA.1
23202,C,A,,,BA.1
23403,A,G,AY.43,BA.2,BA.1
23604,C,G,AY.43,BA.2,BA.1
24410,G,A,AY.43,,
24503,C,T,,,BA.1
25584,C,T,,,
25904,C,T,,,
26529,G,A,,,
26577,C,G,,BA.2,BA.1
26709,G,X,,BA.2,BA.1
26767,T,C,AY.43,,
26818,C,T,,,
27259,A,C,,,
27638,T,C,AY.43,,
27752,C,T,AY.43,,
28043,A,G,,,
28271,A,T,,,
28299,A,T,AY.43,,
28461,A,G,AY.43,,
28821,C,T,,,
28881,G,T,AY.43,BA.2,BA.1
28916,G,T,AY.43,,
29510,A,C,,BA.2,
