,241,629,1150,1387,1820,1957,2232,2455,2570,3037,4710,4891,5309,7926,8683,9042,9092,9661,10865,12569,12789,14120,14408,14670,14676,15720,16466,17398,17747,17795,20860,21846,22022,22450,23403,24379,25521,25546,25675,25916,26222,26228,26571,27417,27812,28253,28272,28460,28865,28871,28881,28882,28883,29249
Reference,C,C,C,C,G,G,C,C,C,C,C,C,A,C,C,C,G,C,T,G,C,C,C,C,C,C,C,A,C,C,A,C,G,C,A,T,C,C,T,C,C,C,C,A,C,C,A,G,A,G,G,G,G,C
Sample1,T,T,T,G,A,T,C,T,T,T,T,T,G,T,C,T,G,C,C,A,T,T,T,T,T,T,T,A,T,T,G,C,C,T,G,C,T,C,A,T,T,C,T,T,T,C,G,A,G,G,A,A,C,T
Sample1+2,T,C/T,C/T,C/G,A,T,T/C,C/T,C/T,T,T,T,A/G,C/T,T/C,C/T,T/G,T/C,T/C,G/A,C/T,T,T,C/T,C/T,C/T,C/T,C/A,T,T,A/G,T/C,G/C,T,G,T/C,C/T,T/C,T/A,C/T,C/T,T/C,C/T,T,C/T,T/C,A/G,A,A/G,T/G,A,A,C,T
Sample2,T,C,C,C,A,T,T,C,C,T,T,T,A,C,T,C,T,T,T,G,C,T,T,C,C,C,C,C,T,T,A,T,G,T,G,T,C,T,T,C,C,T,C,T,C,T,A,A,A,T,A,A,C,T
AY.127,,,,,,,,,,,,,,,,,,,,,,,AY.127,,,,AY.127,,,,,AY.127,,,AY.127,,,,,,,,,,,,,,,,AY.127,,,
BA.1,,,,,,,,,,,,,,,,,,,,,,,BA.1,,,,,,,,,BA.1,,,BA.1,,,,,,,,,,,,,,,,BA.1,BA.1,BA.1,
BA.2.36,,,,,,,,,,,,,,,,,,,,,,,BA.2.36,,,,,,,,,,,,BA.2.36,,,,,,,,,,,,,,,,BA.2.36,BA.2.36,BA.2.36,
AY.124,,,,,,,,,,,,,,,,,,,,,,,AY.124,,,,AY.124,,,,,AY.124,,,AY.124,,,,,,,,,,,,,,,,AY.124,,,
BA.1.1.1,,,,,,,,,,,,,,,,,,,,,,,BA.1.1.1,,,,,,,,,BA.1.1.1,,,BA.1.1.1,,,,,,,,,,,,,,,,BA.1.1.1,BA.1.1.1,BA.1.1.1,
BA.3,,,,,,,,,,,,,,,,,,,,,,,BA.3,,,,,,,,,BA.3,,,BA.3,,,,,,,,,,,,,,,,BA.3,BA.3,BA.3,
AY.43,,,,,,,,,,,,,,,,,,,,,,,AY.43,,,,AY.43,,,,,,,,AY.43,,,,,,,,,,,,,,,,AY.43,,,
BA.4,,,,,,,,,,,,,,,,,,,,,,,BA.4,,,,,,,,,,,,BA.4,,,,,,,,,,,,,,,,,,BA.4,
AY.122,,,,,,,,,,,,,,,,,,,,,,,AY.122,,,,AY.122,,,,,,,,AY.122,,,,,,,,,,,,,,,,AY.122,,,
BA.1.1,,,,,,,,,,,,,,,,,,,,,,,BA.1.1,,,,,,,,,BA.1.1,,,BA.1.1,,,,,,,,,,,,,,,,BA.1.1,BA.1.1,BA.1.1,
BA.5.1,,,,,,,,,,,,,,,,,,,,,,,BA.5.1,,,,,,,,,,,,BA.5.1,,,,,,,,,,,,,,,,BA.5.1,BA.5.1,BA.5.1,
BA.2,,,,,,,,,,,,,,,,,,,,,,,BA.2,,,,,,,,,,,,BA.2,,,,,,,,,,,,,,,,BA.2,BA.2,BA.2,
BA.1.17,,,,,,,,,,,,,,,,,,,,,,,BA.1.17,,,,,,,,,BA.1.17,,,BA.1.17,,,,,,,,,,,,,,,,BA.1.17,BA.1.17,BA.1.17,
