POS,REF,ALT,TOTAL_DP,REF_DP,REF_FREQ,ALT_DP,ALT_FREQ,REF_CODON,REF_AA,ALT_CODON,ALT_AA,GEN,LINEAGE
670,T,G,737,387,0.526,349,0.474,AGT,S,AGG,R,ORF1ab,BA.3
670,T,G,737,387,0.526,349,0.474,AGT,S,AGG,R,ORF1ab,BA.4
670,T,G,737,387,0.526,349,0.474,AGT,S,AGG,R,ORF1ab,BA.2
670,T,G,737,387,0.526,349,0.474,AGT,S,AGG,R,ORF1ab,BA.5.1
670,T,G,737,387,0.526,349,0.474,AGT,S,AGG,R,ORF1ab,BA.2.36
1274,G,T,381,198,0.52,183,0.48,GTT,V,TTT,F,ORF1ab,
1498,C,T,365,153,0.419,212,0.581,TTC,F,TTT,F,ORF1ab,
2790,C,T,515,273,0.53,242,0.47,ACT,T,ATT,I,ORF1ab,BA.4
2790,C,T,515,273,0.53,242,0.47,ACT,T,ATT,I,ORF1ab,BA.2
2790,C,T,515,273,0.53,242,0.47,ACT,T,ATT,I,ORF1ab,BA.5.1
2790,C,T,515,273,0.53,242,0.47,ACT,T,ATT,I,ORF1ab,BA.2.36
2832,A,G,446,202,0.453,244,0.547,AAG,K,AGG,R,ORF1ab,BA.1
2832,A,G,446,202,0.453,244,0.547,AAG,K,AGG,R,ORF1ab,BA.1.1.1
2832,A,G,446,202,0.453,244,0.547,AAG,K,AGG,R,ORF1ab,BA.1.17
2832,A,G,446,202,0.453,244,0.547,AAG,K,AGG,R,ORF1ab,BA.1.1
4184,G,A,403,214,0.531,189,0.469,GGT,G,AGT,S,ORF1ab,BA.3
4184,G,A,403,214,0.531,189,0.469,GGT,G,AGT,S,ORF1ab,BA.4
4184,G,A,403,214,0.531,189,0.469,GGT,G,AGT,S,ORF1ab,BA.2
4184,G,A,403,214,0.531,189,0.469,GGT,G,AGT,S,ORF1ab,BA.5.1
4184,G,A,403,214,0.531,189,0.469,GGT,G,AGT,S,ORF1ab,BA.2.36
4321,C,T,224,119,0.531,105,0.469,GCC,A,GCT,A,ORF1ab,
5386,T,G,585,294,0.503,291,0.497,GCT,A,GCG,A,ORF1ab,
5672,C,T,708,369,0.521,339,0.479,CCT,P,TCT,S,ORF1ab,
5924,G,A,651,335,0.515,316,0.485,GTT,V,ATT,I,ORF1ab,BA.1.17
7984,T,C,386,198,0.513,188,0.487,GAT,D,GAC,D,ORF1ab,
8393,G,A,705,334,0.474,371,0.526,GCT,A,ACT,T,ORF1ab,BA.1
8393,G,A,705,334,0.474,371,0.526,GCT,A,ACT,T,ORF1ab,BA.1.1.1
8393,G,A,705,334,0.474,371,0.526,GCT,A,ACT,T,ORF1ab,BA.1.17
8393,G,A,705,334,0.474,371,0.526,GCT,A,ACT,T,ORF1ab,BA.1.1
9344,C,T,456,239,0.524,217,0.476,CTT,L,TTT,F,ORF1ab,BA.4
9344,C,T,456,239,0.524,217,0.476,CTT,L,TTT,F,ORF1ab,BA.2
9344,C,T,456,239,0.524,217,0.476,CTT,L,TTT,F,ORF1ab,BA.5.1
9344,C,T,456,239,0.524,217,0.476,CTT,L,TTT,F,ORF1ab,BA.2.36
9424,A,G,502,270,0.538,232,0.462,GTA,V,GTG,V,ORF1ab,
9534,C,T,931,506,0.544,425,0.456,ACT,T,ATT,I,ORF1ab,BA.3
9534,C,T,931,506,0.544,425,0.456,ACT,T,ATT,I,ORF1ab,BA.4
9534,C,T,931,506,0.544,425,0.456,ACT,T,ATT,I,ORF1ab,BA.2
9534,C,T,931,506,0.544,425,0.456,ACT,T,ATT,I,ORF1ab,BA.5.1
9534,C,T,931,506,0.544,425,0.456,ACT,T,ATT,I,ORF1ab,BA.2.36
9866,C,T,484,257,0.531,227,0.469,CTT,L,TTT,F,ORF1ab,BA.2
9866,C,T,484,257,0.531,227,0.469,CTT,L,TTT,F,ORF1ab,BA.2.36
10198,C,T,803,441,0.549,362,0.451,GAC,D,GAT,D,ORF1ab,
10447,G,A,869,453,0.521,416,0.479,AGG,R,AGA,R,ORF1ab,
10815,C,T,535,303,0.566,232,0.434,TCT,S,TTT,F,ORF1ab,
11537,A,G,844,396,0.47,447,0.53,ATT,I,GTT,V,ORF1ab,BA.1
11537,A,G,844,396,0.47,447,0.53,ATT,I,GTT,V,ORF1ab,BA.1.1.1
11537,A,G,844,396,0.47,447,0.53,ATT,I,GTT,V,ORF1ab,BA.1.17
11537,A,G,844,396,0.47,447,0.53,ATT,I,GTT,V,ORF1ab,BA.1.1
12880,C,T,950,506,0.533,444,0.467,ATC,I,ATT,I,ORF1ab,
13195,T,C,1072,530,0.494,542,0.506,GTT,V,GTC,V,ORF1ab,
15240,C,T,622,351,0.564,271,0.436,AAC,N,AAT,N,ORF1ab,
15714,C,T,956,487,0.509,469,0.491,CTC,L,CTT,L,ORF1ab,
17410,C,T,563,299,0.531,264,0.469,CGT,R,TGT,C,ORF1ab,BA.4
17410,C,T,563,299,0.531,264,0.469,CGT,R,TGT,C,ORF1ab,BA.2
17410,C,T,563,299,0.531,264,0.469,CGT,R,TGT,C,ORF1ab,BA.5.1
17410,C,T,563,299,0.531,264,0.469,CGT,R,TGT,C,ORF1ab,BA.2.36
19955,C,T,266,142,0.534,124,0.466,ACT,T,ATT,I,ORF1ab,BA.4
19955,C,T,266,142,0.534,124,0.466,ACT,T,ATT,I,ORF1ab,BA.2
19955,C,T,266,142,0.534,124,0.466,ACT,T,ATT,I,ORF1ab,BA.5.1
19955,C,T,266,142,0.534,124,0.466,ACT,T,ATT,I,ORF1ab,BA.2.36
20055,A,G,262,141,0.538,121,0.462,GAA,E,GAG,E,ORF1ab,
21618,C,T,835,425,0.51,409,0.49,ACA,T,ATA,I,S,AY.43
21618,C,T,835,425,0.51,409,0.49,ACA,T,ATA,I,S,BA.4
21618,C,T,835,425,0.51,409,0.49,ACA,T,ATA,I,S,AY.127
21618,C,T,835,425,0.51,409,0.49,ACA,T,ATA,I,S,BA.2
21618,C,T,835,425,0.51,409,0.49,ACA,T,ATA,I,S,BA.5.1
21618,C,T,835,425,0.51,409,0.49,ACA,T,ATA,I,S,AY.124
21618,C,T,835,425,0.51,409,0.49,ACA,T,ATA,I,S,BA.2.36
21618,C,T,835,425,0.51,409,0.49,ACA,T,ATA,I,S,AY.122
21762,C,T,625,378,0.605,247,0.395,GCT,A,GTT,V,S,BA.3
21762,C,T,625,378,0.605,247,0.395,GCT,A,GTT,V,S,BA.1
21762,C,T,625,378,0.605,247,0.395,GCT,A,GTT,V,S,BA.1.1.1
21762,C,T,625,378,0.605,247,0.395,GCT,A,GTT,V,S,BA.1.17
21762,C,T,625,378,0.605,247,0.395,GCT,A,GTT,V,S,BA.1.1
21846,C,T,552,280,0.507,272,0.493,ACT,T,ATT,I,S,BA.3
21846,C,T,552,280,0.507,272,0.493,ACT,T,ATT,I,S,AY.127
21846,C,T,552,280,0.507,272,0.493,ACT,T,ATT,I,S,BA.1
21846,C,T,552,280,0.507,272,0.493,ACT,T,ATT,I,S,AY.124
21846,C,T,552,280,0.507,272,0.493,ACT,T,ATT,I,S,BA.1.1.1
21846,C,T,552,280,0.507,272,0.493,ACT,T,ATT,I,S,BA.1.17
21846,C,T,552,280,0.507,272,0.493,ACT,T,ATT,I,S,BA.1.1
22200,T,G,301,131,0.435,170,0.565,GTG,V,GGG,G,S,BA.4
22200,T,G,301,131,0.435,170,0.565,GTG,V,GGG,G,S,BA.2
22200,T,G,301,131,0.435,170,0.565,GTG,V,GGG,G,S,BA.5.1
22200,T,G,301,131,0.435,170,0.565,GTG,V,GGG,G,S,BA.2.36
22775,G,A,280,198,0.707,82,0.293,GAT,D,AAT,N,S,BA.3
22775,G,A,280,198,0.707,82,0.293,GAT,D,AAT,N,S,BA.4
22775,G,A,280,198,0.707,82,0.293,GAT,D,AAT,N,S,BA.2
22775,G,A,280,198,0.707,82,0.293,GAT,D,AAT,N,S,BA.5.1
22775,G,A,280,198,0.707,82,0.293,GAT,D,AAT,N,S,BA.2.36
22786,A,C,202,119,0.589,83,0.411,AGA,R,AGC,S,S,BA.4
22786,A,C,202,119,0.589,83,0.411,AGA,R,AGC,S,S,BA.2
22786,A,C,202,119,0.589,83,0.411,AGA,R,AGC,S,S,BA.5.1
22786,A,C,202,119,0.589,83,0.411,AGA,R,AGC,S,S,BA.2.36
22792,C,T,196,109,0.556,87,0.444,ATC,I,ATT,I,S,
22898,G,A,284,135,0.475,149,0.525,GGT,G,AGT,S,S,BA.1
22898,G,A,284,135,0.475,149,0.525,GGT,G,AGT,S,S,BA.1.1.1
22898,G,A,284,135,0.475,149,0.525,GGT,G,AGT,S,S,BA.1.17
22898,G,A,284,135,0.475,149,0.525,GGT,G,AGT,S,S,BA.1.1
23048,G,A,677,331,0.489,346,0.511,GGT,G,AGT,S,S,BA.1
23048,G,A,677,331,0.489,346,0.511,GGT,G,AGT,S,S,BA.1.1.1
23048,G,A,677,331,0.489,346,0.511,GGT,G,AGT,S,S,BA.1.17
23048,G,A,677,331,0.489,346,0.511,GGT,G,AGT,S,S,BA.1.1
23202,C,A,657,297,0.452,360,0.548,ACA,T,AAA,K,S,BA.1
23202,C,A,657,297,0.452,360,0.548,ACA,T,AAA,K,S,BA.1.1.1
23202,C,A,657,297,0.452,360,0.548,ACA,T,AAA,K,S,BA.1.17
23202,C,A,657,297,0.452,360,0.548,ACA,T,AAA,K,S,BA.1.1
24130,C,A,536,253,0.474,282,0.526,AAC,N,AAA,K,S,BA.1
24130,C,A,536,253,0.474,282,0.526,AAC,N,AAA,K,S,BA.1.1.1
24130,C,A,536,253,0.474,282,0.526,AAC,N,AAA,K,S,BA.1.17
24130,C,A,536,253,0.474,282,0.526,AAC,N,AAA,K,S,BA.1.1
24503,C,T,709,349,0.492,360,0.508,CTT,L,TTT,F,S,BA.1
24503,C,T,709,349,0.492,360,0.508,CTT,L,TTT,F,S,BA.1.1.1
24503,C,T,709,349,0.492,360,0.508,CTT,L,TTT,F,S,BA.1.17
24503,C,T,709,349,0.492,360,0.508,CTT,L,TTT,F,S,BA.1.1
26060,C,T,799,451,0.566,347,0.434,ACT,T,ATT,I,ORF3a,BA.3
26060,C,T,799,451,0.566,347,0.434,ACT,T,ATT,I,ORF3a,BA.4
26060,C,T,799,451,0.566,347,0.434,ACT,T,ATT,I,ORF3a,BA.2
26060,C,T,799,451,0.566,347,0.434,ACT,T,ATT,I,ORF3a,BA.5.1
26060,C,T,799,451,0.566,347,0.434,ACT,T,ATT,I,ORF3a,BA.2.36
26530,A,G,405,190,0.469,215,0.531,GAT,D,GGT,G,M,BA.1
26530,A,G,405,190,0.469,215,0.531,GAT,D,GGT,G,M,BA.1.1.1
26530,A,G,405,190,0.469,215,0.531,GAT,D,GGT,G,M,BA.1.17
26530,A,G,405,190,0.469,215,0.531,GAT,D,GGT,G,M,BA.1.1
26858,C,T,556,302,0.543,254,0.457,TTC,F,TTT,F,M,
27084,G,T,187,88,0.471,99,0.529,GCA,A,TCA,S,M,
27382,G,C,594,347,0.584,247,0.416,GAT,D,CAT,H,ORF6,BA.4
27382,G,C,594,347,0.584,247,0.416,GAT,D,CAT,H,ORF6,BA.2
27382,G,C,594,347,0.584,247,0.416,GAT,D,CAT,H,ORF6,BA.2.36
27383,A,T,591,348,0.589,243,0.411,GAT,D,GTT,V,ORF6,BA.4
27383,A,T,591,348,0.589,243,0.411,GAT,D,GTT,V,ORF6,BA.2
27383,A,T,591,348,0.589,243,0.411,GAT,D,GTT,V,ORF6,BA.2.36
