,3005,3197,10840,10841,14354,14420,14682,23304,27920,29648
Reference,T,G,A,G,G,G,T,C,C,G
Sample1,C (0.325),C (0.345),T (0.246),T (0.242),T (0.344),T (0.355),A (0.429),A (0.158),X (0.472),T (0.19)
Sample1+2,T/C,G/C,A/T,G/T,G/T,G/T,T/A,C/A,C/A,G/T
Sample2,T (0.675),G (0.655),A (0.754),G (0.758),G (0.656),G (0.645),T (0.571),C (0.842),X (0.528),G (0.81)
Total_DP,449,889,562,565,608,301,21,849,635,1158
B.1.617.2,,,,,,,,,,
AY.127,,,,,,,,,,
BA.1,,,,,,,,,,
BA.2.36,,,,,,,,,,
AY.124,,,,,,,,,,
BA.1.1.1,,,,,,,,,,
B.1,,,,,,,,,,
C.39,,,,,,,,,,
BA.3,,,,,,,,,,
AY.43,,,,,,,,,,
BA.4,,,,,,,,,,
AY.122,,,,,,,,,,
B.1.1.7,,,,,,,,,,
BA.1.1,,,,,,,,,,
BA.5.1,,,,,,,,,,
B.1.1,,,,,,,,,,
B.1.177,,,,,,,,,,
BA.2,,,,,,,,,,
BA.1.17,,,,,,,,,,
