,670,3005,3037,3197,4184,4321,8818,8861,9344,9424,9534,9866,10029,10198,10447,10449,10840,10841,12042,12880,13506,14354,14408,14420,14682,14704,15714,16539,17410,22200,22992,22995,23013,23029,23040,23055,23063,23075,23304,23403,23525,23599,23604,23948,24424,24469,26060,26270,26577,26709,26858,27259,27382,27383,27384,27807,27920,27972,28271,28311,28363,28370,28881,28882,28883,29510,29648
Reference,T,T,C,G,G,C,C,G,C,A,C,C,C,C,G,C,A,G,A,C,C,G,C,G,T,T,C,T,C,T,G,C,A,C,A,A,A,T,C,A,C,T,C,G,A,T,C,C,C,G,C,A,G,A,T,C,C,C,A,C,A,A,G,G,G,A,G
Sample1,G,C (0.325),T,C (0.345),A,T,T,A,T,G,T,T,T,T,A,A,T (0.246),T (0.242),C,T,A (0.093),T (0.344),T,T (0.355),A (0.429),G (0.051),T,A,T,G,A,A,C,T,G,G,T,C,A (0.158),G,T,G,A,T,T,A,T,T,G,A,T,C,C,T,C,T,X (0.472),T,T,T,T,G,A,A,C,C,T (0.19)
Sample1+2,G,T/C,T,G/C,A,T,T,A,T,G,T,T,T,T,A,A,A/T,G/T,C,T,C/A,G/T,T,G/T,T/A,T/G,T,A,T,G,A,A,C,T,G,G,T,C,C/A,G,T,G,A,T,T,A,T,T,G,A,T,C,C,T,C,T,C/A,T,T,T,T,G,A,A,C,C,G/T
Sample2,G,T (0.675),T,G (0.655),A,T,T,A,T,G,T,T,T,T,A,A,A (0.754),G (0.758),C,T,C (0.907),G (0.656),T,G (0.645),T (0.571),T (0.949),T,A,T,G,A,A,C,T,G,G,T,C,C (0.842),G,T,G,A,T,T,A,T,T,G,A,T,C,C,T,C,T,X (0.528),T,T,T,T,G,A,A,C,C,G (0.81)
Total_DP,448,449,433,889,144,107,28,25,262,272,258,98,104,243,520,516,562,565,282,110,494,608,370,301,21,39,1025,826,597,54,405,407,467,418,423,461,533,523,849,634,603,323,272,562,552,667,1258,1077,101,818,703,377,359,357,359,919,635,657,1467,1411,36,31,545,544,545,981,1158
B.1.617.2,,,,,,,,,,,,,,,,,,,,,,,B.1.617.2,,,,,,,,,,,,,,,,,B.1.617.2,,,,,,,,,,,,,,,,,,,,,,,,,,,
AY.127,,,,,,,,,,,,,AY.127,,,,,,,,,,AY.127,,,,,,,,,AY.127,,,,,,,,AY.127,,,AY.127,,,,,,,,,,,,,,,,,,,,AY.127,,,,
BA.1,,,,,,,,,,,,,BA.1,,,BA.1,,,,,,,BA.1,,,,,,,,BA.1,BA.1,BA.1,,BA.1,BA.1,BA.1,BA.1,,BA.1,BA.1,BA.1,BA.1,BA.1,BA.1,BA.1,,BA.1,BA.1,BA.1,,,,,,,,,,BA.1,,,BA.1,BA.1,BA.1,,
BA.2.36,BA.2.36,,,,BA.2.36,,,,BA.2.36,,BA.2.36,BA.2.36,BA.2.36,,,BA.2.36,,,,,,,BA.2.36,,,,,,BA.2.36,BA.2.36,BA.2.36,BA.2.36,BA.2.36,,BA.2.36,BA.2.36,BA.2.36,BA.2.36,,BA.2.36,BA.2.36,BA.2.36,BA.2.36,BA.2.36,BA.2.36,BA.2.36,BA.2.36,BA.2.36,BA.2.36,BA.2.36,,,BA.2.36,BA.2.36,BA.2.36,,,,,BA.2.36,,,BA.2.36,BA.2.36,BA.2.36,BA.2.36,
AY.124,,,,,,,,,,,,,AY.124,,,,,,,,,,AY.124,,,,,,,,,AY.124,,,,,,,,AY.124,,,AY.124,,,,,,,,,,,,,,,,,,,,AY.124,,,,
BA.1.1.1,,,,,,,,,,,,,BA.1.1.1,,,BA.1.1.1,,,,,,,BA.1.1.1,,,,,,,,BA.1.1.1,BA.1.1.1,BA.1.1.1,,BA.1.1.1,BA.1.1.1,BA.1.1.1,BA.1.1.1,,BA.1.1.1,BA.1.1.1,BA.1.1.1,BA.1.1.1,BA.1.1.1,BA.1.1.1,BA.1.1.1,,BA.1.1.1,BA.1.1.1,BA.1.1.1,,,,,,,,,,BA.1.1.1,,,BA.1.1.1,BA.1.1.1,BA.1.1.1,,
B.1,,,,,,,,,,,,,,,,,,,,,,,B.1,,,,,,,,,,,,,,,,,B.1,,,,,,,,,,,,,,,,,,,,,,,,,,,
C.39,,,,,,,,,,,,,,,,,,,,,,,C.39,,,,,,,,,,,,,,,,,C.39,,,,,,,,,,,,,,,,,,,,,,,C.39,C.39,C.39,,
BA.3,BA.3,,,,BA.3,,,,,,BA.3,,BA.3,,,BA.3,,,,,,,BA.3,,,,,,,,BA.3,BA.3,BA.3,,BA.3,BA.3,BA.3,BA.3,,BA.3,BA.3,BA.3,BA.3,BA.3,BA.3,BA.3,BA.3,BA.3,BA.3,BA.3,,,,,,,,,,BA.3,,,BA.3,BA.3,BA.3,BA.3,
AY.43,,,,,,,,,,,,,AY.43,,,,,,,,,,AY.43,,,,,,,,,AY.43,,,,,,,,AY.43,,,AY.43,,,,,,,,,,,,,,,,,,,,AY.43,,,,
BA.4,BA.4,,,,BA.4,,,,BA.4,,BA.4,,BA.4,,,BA.4,,,,,,,BA.4,,,,,,BA.4,BA.4,BA.4,BA.4,BA.4,,,BA.4,BA.4,BA.4,,BA.4,BA.4,BA.4,BA.4,BA.4,BA.4,BA.4,BA.4,BA.4,BA.4,BA.4,,,BA.4,BA.4,BA.4,,,,,BA.4,,,,,BA.4,BA.4,
AY.122,,,,,,,,,,,,,AY.122,,,,,,,,,,AY.122,,,,,,,,,AY.122,,,,,,,,AY.122,,,AY.122,,,,,,,,,,,,,,,,,,,,AY.122,,,,
B.1.1.7,,,,,,,,,,,,,,,,,,,,,,,B.1.1.7,,,,,,,,,,,,,,B.1.1.7,,,B.1.1.7,,,B.1.1.7,,,,,,,,,,,,,,,B.1.1.7,,,,,B.1.1.7,B.1.1.7,B.1.1.7,,
BA.1.1,,,,,,,,,,,,,BA.1.1,,,BA.1.1,,,,,,,BA.1.1,,,,,,,,BA.1.1,BA.1.1,BA.1.1,,BA.1.1,BA.1.1,BA.1.1,BA.1.1,,BA.1.1,BA.1.1,BA.1.1,BA.1.1,BA.1.1,BA.1.1,BA.1.1,,BA.1.1,BA.1.1,BA.1.1,,,,,,,,,,BA.1.1,,,BA.1.1,BA.1.1,BA.1.1,,
BA.5.1,BA.5.1,,,,BA.5.1,,,,BA.5.1,,BA.5.1,,BA.5.1,,,BA.5.1,,,,,,,BA.5.1,,,,,,BA.5.1,BA.5.1,BA.5.1,BA.5.1,BA.5.1,,,BA.5.1,BA.5.1,BA.5.1,,BA.5.1,BA.5.1,BA.5.1,BA.5.1,BA.5.1,BA.5.1,BA.5.1,BA.5.1,BA.5.1,BA.5.1,BA.5.1,,,,,,,,,,BA.5.1,,,BA.5.1,BA.5.1,BA.5.1,BA.5.1,
B.1.1,,,,,,,,,,,,,,,,,,,,,,,B.1.1,,,,,,,,,,,,,,,,,B.1.1,,,,,,,,,,,,,,,,,,,,,,,B.1.1,B.1.1,B.1.1,,
B.1.177,,,,,,,,,,,,,,,,,,,,,,,B.1.177,,,,,,,,,,,,,,,,,B.1.177,,,,,,,,,,,,,,,,,,,,,,,,,,,
BA.2,BA.2,,,,BA.2,,,,BA.2,,BA.2,BA.2,BA.2,,,BA.2,,,,,,,BA.2,,,,,,BA.2,BA.2,BA.2,BA.2,BA.2,,BA.2,BA.2,BA.2,BA.2,,BA.2,BA.2,BA.2,BA.2,BA.2,BA.2,BA.2,BA.2,BA.2,BA.2,BA.2,,,BA.2,BA.2,BA.2,,,,,BA.2,,,BA.2,BA.2,BA.2,BA.2,
BA.1.17,,,,,,,,,,,,,BA.1.17,,,BA.1.17,,,,,,,BA.1.17,,,,,,,,BA.1.17,BA.1.17,BA.1.17,,BA.1.17,BA.1.17,BA.1.17,BA.1.17,,BA.1.17,BA.1.17,BA.1.17,BA.1.17,BA.1.17,BA.1.17,BA.1.17,,BA.1.17,BA.1.17,BA.1.17,,,,,,,,,,BA.1.17,,,BA.1.17,BA.1.17,BA.1.17,,
