,376,629,929,2455,2570,4958,5158,5183,5309,8683,9042,9092,9661,11173,11773,12226,12569,12789,14670,14676,16218,16466,17398,17795,18032,18333,20860,20930,21648,21658,22088,22299,22326,23063,24616,24933,25024,25510,25546,25916,26222,26227,26228,26299,26571,26951,27812,28227,28253,28272,28854,28865,28871,28908,29245
Reference,G,C,A,C,C,G,T,C,A,C,C,G,C,C,T,T,G,C,C,C,A,C,A,C,C,A,A,C,C,C,C,G,C,A,C,G,A,T,C,C,C,G,C,C,C,G,C,C,C,A,C,A,G,G,C
21511457_1,G (0.344),T (0.128),G (0.156),T (0.182),T (0.178),T (0.186),T (0.346),C (0.339),G (0.131),T (0.172),T (0.14),T (0.159),T (0.158),T (0.153),T (0.393),C (0.121),A (0.113),T (0.231),C (0.29),T (0.144),A (0.373),T (0.13),A (0.267),C (0.12),T (0.112),G (0.186),T (0.16),T (0.467),C (0.348),C (0.332),T (0.125),G (0.294),T (0.134),T (0.181),C (0.38),T (0.104),A (0.333),G (0.17),C (0.291),T (0.196),T (0.175),G (0.396),C (0.276),T (0.137),T (0.189),G (0.366),T (0.195),T (0.159),C (0.276),G (0.203),C (0.408),G (0.151),G (0.101),T (0.192),T (0.136)
21511457_1+2,T/G,C/T,A/G,C/T,C/T,G/T,C/T,T/C,A/G,C/T,C/T,G/T,C/T,C/T,A/T,T/C,G/A,C/T,T/C,C/T,G/A,C/T,C/A,T/C,C/T,A/G,A/T,C/T,T/C,T/C,C/T,C/G,C/T,A/T,T/C,G/T,G/A,T/G,T/C,C/T,C/T,T/G,T/C,C/T,C/T,C/G,C/T,C/T,T/C,A/G,T/C,A/G,T/G,G/T,C/T
21511457_2,T (0.656),C (0.872),A (0.844),C (0.818),C (0.822),G (0.814),C (0.654),T (0.661),A (0.869),C (0.828),C (0.86),G (0.841),C (0.842),C (0.847),A (0.607),T (0.879),G (0.887),C (0.769),T (0.71),C (0.856),G (0.627),C (0.87),C (0.733),T (0.88),C (0.888),A (0.814),A (0.84),C (0.533),T (0.652),T (0.668),C (0.875),C (0.706),C (0.866),A (0.819),T (0.62),G (0.896),G (0.667),T (0.83),T (0.709),C (0.804),C (0.825),T (0.604),T (0.724),C (0.863),C (0.811),C (0.634),C (0.805),C (0.841),T (0.724),A (0.797),T (0.592),A (0.849),T (0.899),G (0.808),C (0.864)
Total_DP,1919,1241,1106,478,768,1245,1102,1077,1065,1757,1075,1124,1875,1433,1238,1385,1821,1275,632,707,2668,1954,1262,1163,2024,1472,1192,1263,1433,1348,560,245,246,1456,1144,917,805,1073,1098,1118,1565,1554,1551,1863,942,1049,1968,1708,1689,2052,1520,1435,1390,949,1083
BA.3,,,,,,,,,,,,,,,,,,,,,,,,,,,,,,,,,,BA.3,,,,,,,,,,,,,,,,,,,,,
AY.43,,,,,,,,,,,,,,,,,,,,,,AY.43,,,,,,,,,,,,,,,,,,,,,,,,,,,,,,,,,
B.1.1.7,,,,,,,,,,,,,,,,,,,,,,,,,,,,,,,,,,B.1.1.7,,,,,,,,,,,,,,,,,,,,,
BA.4,,,,,,,,,,,,,,,,,,,,,,,,,,,,,,,,,,BA.4,,,,,,,,,,,,,,,,,,,,,
AY.127,,,,,,,,,,,,,,,,,,,,,,AY.127,,,,,,,,,,,,,,,,,,,,,,,,,,,,,,,,,
BA.2,,,,,,,,,,,,,,,,,,,,,,,,,,,,,,,,,,BA.2,,,,,,,,,,,,,,,,,,,,,
BA.5.1,,,,,,,,,,,,,,,,,,,,,,,,,,,,,,,,,,BA.5.1,,,,,,,,,,,,,,,,,,,,,
C.39,,,,,,,,,,,,,,,,,,,,,,,,,,,,,,,,,,,,,,,,,,,,,,,,,,,,,,,
BA.1,,,,,,,,,,,,,,,,,,,,,,,,,,,,,,,,,,BA.1,,,,,,,,,,,,,,,,,,,,,
B.1.617.2,,,,,,,,,,,,,,,,,,,,,,B.1.617.2,,,,,,,,,,,,,,,,,,,,,,,,,,,,,,,,,
AY.124,,,,,,,,,,,,,,,,,,,,,,AY.124,,,,,,,,,,,,,,,,,,,,,,,,,,,,,,,,,
BA.2.36,,,,,,,,,,,,,,,,,,,,,,,,,,,,,,,,,,BA.2.36,,,,,,,,,,,,,,,,,,,,,
BA.1.1.1,,,,,,,,,,,,,,,,,,,,,,,,,,,,,,,,,,BA.1.1.1,,,,,,,,,,,,,,,,,,,,,
B.1.177,,,,,,,,,,,,,,,,,,,,,,,,,,,,,,,,,,,,,,,,,,,,,,,,,,,,,,,
BA.1.17,,,,,,,,,,,,,,,,,,,,,,,,,,,,,,,,,,BA.1.17,,,,,,,,,,,,,,,,,,,,,
B.1,,,,,,,,,,,,,,,,,,,,,,,,,,,,,,,,,,,,,,,,,,,,,,,,,,,,,,,
B.1.1,,,,,,,,,,,,,,,,,,,,,,,,,,,,,,,,,,,,,,,,,,,,,,,,,,,,,,,
BA.1.1,,,,,,,,,,,,,,,,,,,,,,,,,,,,,,,,,,BA.1.1,,,,,,,,,,,,,,,,,,,,,
AY.122,,,,,,,,,,,,,,,,,,,,,,AY.122,,,,,,,,,,,,,,,,,,,,,,,,,,,,,,,,,
