,241,313,670,1627,1820,2790,3037,3874,4184,4321,8393,9190,9344,9424,9534,9866,10029,10198,10447,10449,11095,11288,11291,11296,12160,12559,12880,14408,17410,17586,17734,18163,19017,19955,20055,20580,20681,21618,21633,21762,21770,21846,21987,22200,22578,22673,22674,22679,22686,22688,22775,22786,22813,22882,22917,22992,22995,23013,23040,23055,23063,23075,23403,23525,23599,23604,23854,23948,24022,24140,24424,24469,25000,25234,25416,25584,25810,25916,26060,26270,26529,26577,26709,26858,27259,27382,27383,27384,27807,28271,28311,28363,28370,28592,28724,28881,28882,28883,29510,29734
Reference,C,C,T,C,G,C,C,C,G,C,G,G,C,A,C,C,C,C,G,C,C,T,G,T,G,C,C,C,C,C,C,A,C,C,A,G,G,C,T,C,G,C,G,T,G,T,C,T,C,A,G,A,G,T,T,G,C,A,A,A,A,T,A,C,T,C,C,G,T,G,A,T,C,G,C,C,C,C,C,C,G,C,G,C,A,G,A,T,C,A,C,A,A,A,C,G,G,G,A,G
22061262_1,T,C (0.212),T (0.402),T (0.197),A (0.216),T,T,T (0.12),A,T,A (0.348),G (0.261),T,G,T,T,T,T,A,A,T (0.204),A,A,X (0.489),A (0.134),T (0.14),T,T,C (0.292),A (0.104),T (0.162),G,T (0.11),T,G,T,T,T,C (0.362),T (0.182),A,T (0.205),A,G,A,C (0.131),T,C,T,A (0.147),G (0.114),C,T,G,G,A,A,C,G,G,T,C,G,T,G,A,A,T,T (0.192),T (0.1),T,A,T,T (0.278),T (0.128),T,T (0.276),T (0.297),T,T,A,G,A,T,C,C,T,C,T,T,T,A (0.187),A (0.212),G (0.11),T (0.154),A,A,C,C,T (0.111)
22061262_1+2,T,T/C,G/T,C/T,G/A,T,T,C/T,A,T,G/A,T/G,T,G,T,T,T,T,A,A,C/T,A,A,T/G,G/A,C/T,T,T,T/C,C/A,C/T,G,C/T,T,G,T,T,T,T/C,C/T,A,C/T,A,G,A,T/C,T,C,T,G/A,A/G,C,T,G,G,A,A,C,G,G,T,C,G,T,G,A,A,T,C/T,G/T,T,A,T,G/T,C/T,T,C/T,C/T,T,T,A,G,A,T,C,C,T,C,T,T,T,T/A,G/A,A/G,C/T,A,A,C,C,G/T
22061262_2,T,T (0.788),G (0.598),C (0.803),G (0.784),T,T,C (0.88),A,T,G (0.652),T (0.739),T,G,T,T,T,T,A,A,C (0.796),A,A,X (0.511),G (0.866),C (0.86),T,T,T (0.708),C (0.896),C (0.838),G,C (0.89),T,G,T,T,T,T (0.638),C (0.818),A,C (0.795),A,G,A,T (0.869),T,C,T,G (0.853),A (0.886),C,T,G,G,A,A,C,G,G,T,C,G,T,G,A,A,T,C (0.808),G (0.9),T,A,T,G (0.722),C (0.872),T,C (0.724),C (0.703),T,T,A,G,A,T,C,C,T,C,T,T,T,T (0.813),G (0.788),A (0.89),C (0.846),A,A,C,C,G (0.889)
Total_DP,6163,5946,4181,2744,2863,4883,1871,9771,369,260,2097,1698,6561,6482,4486,5131,6544,367,7359,7847,7996,93,87,503,491,7377,5541,4525,4095,4211,9628,3344,9873,74,86,199,163,7577,632,944,28,877,7301,5835,5145,3892,3990,4784,4811,4780,2258,629,818,732,728,4816,4863,6004,5769,6541,6978,7250,1684,1469,5342,5322,6287,2399,2788,2569,8159,8175,9301,1135,7847,8343,809,779,8969,8085,158,133,7477,6379,10005,9939,9800,9948,9928,9320,10518,252,198,2974,4337,5792,5700,5995,4639,648
BA.3,,,BA.3,,,,,,BA.3,,,,,,BA.3,,BA.3,,,BA.3,,,,,,,,BA.3,,,,BA.3,,,,,,,,BA.3,,BA.3,BA.3,,BA.3,BA.3,BA.3,BA.3,BA.3,,BA.3,,,,,BA.3,BA.3,BA.3,BA.3,BA.3,BA.3,BA.3,BA.3,BA.3,BA.3,BA.3,BA.3,BA.3,,,BA.3,BA.3,,,,,,,BA.3,BA.3,,BA.3,BA.3,,,,,,,,BA.3,,,,,BA.3,BA.3,BA.3,BA.3,
AY.43,,,,,,,,,,,,,,,,,AY.43,,,,,,,,,,,AY.43,,,,,,,,,,AY.43,,,,,,,,,,,,,,,,,AY.43,,AY.43,,,,,,AY.43,,,AY.43,,,,,,,,,,,,,,,,,,,,,,,,,,,,,,AY.43,,,,
B.1.1.7,,,,,,,,,,,,,,,,,,,,,,,,,,,,B.1.1.7,,,,,,,,,,,,,,,,,,,,,,,,,,,,,,,,,B.1.1.7,,B.1.1.7,,,B.1.1.7,,,,,,,,,,,,,,,,,,,,,,,,,,,,,,B.1.1.7,B.1.1.7,B.1.1.7,,
BA.4,,,BA.4,,,BA.4,,,BA.4,,,,BA.4,,BA.4,,BA.4,,,BA.4,,,,,,,,BA.4,BA.4,,,BA.4,,BA.4,,,,BA.4,,,,,BA.4,BA.4,BA.4,,BA.4,BA.4,BA.4,BA.4,BA.4,BA.4,,,BA.4,BA.4,BA.4,BA.4,,BA.4,BA.4,BA.4,BA.4,BA.4,BA.4,BA.4,BA.4,BA.4,,,BA.4,BA.4,,,,,,,BA.4,BA.4,,BA.4,BA.4,,,BA.4,BA.4,BA.4,,,BA.4,,,,BA.4,,,BA.4,BA.4,
AY.127,,,,,,,,,,,,,,,,,AY.127,,,,,,,,,,,AY.127,,,,,,,,,,AY.127,,,,AY.127,,,,,,,,,,,,,AY.127,,AY.127,,,,,,AY.127,,,AY.127,,,,,,,,,,,,,,,,,,,,,,,,,,,,,,AY.127,,,,
BA.2,,,BA.2,,,BA.2,,,BA.2,,,,BA.2,,BA.2,BA.2,BA.2,,,BA.2,,,,,,,,BA.2,BA.2,,,BA.2,,BA.2,,,,BA.2,,,,,BA.2,BA.2,BA.2,,BA.2,BA.2,BA.2,BA.2,BA.2,BA.2,,,,BA.2,BA.2,BA.2,BA.2,BA.2,BA.2,BA.2,BA.2,BA.2,BA.2,BA.2,BA.2,BA.2,,,BA.2,BA.2,,,,,,,BA.2,BA.2,,BA.2,BA.2,,,BA.2,BA.2,BA.2,,,BA.2,,,,,BA.2,BA.2,BA.2,BA.2,
BA.5.1,,,BA.5.1,,,BA.5.1,,,BA.5.1,,,,BA.5.1,,BA.5.1,,BA.5.1,,,BA.5.1,,,,,,,,BA.5.1,BA.5.1,,,BA.5.1,,BA.5.1,,,,BA.5.1,,,,,BA.5.1,BA.5.1,BA.5.1,,BA.5.1,BA.5.1,BA.5.1,BA.5.1,BA.5.1,BA.5.1,,,BA.5.1,BA.5.1,BA.5.1,BA.5.1,,BA.5.1,BA.5.1,BA.5.1,BA.5.1,BA.5.1,BA.5.1,BA.5.1,BA.5.1,BA.5.1,,,BA.5.1,BA.5.1,,,,,,,BA.5.1,BA.5.1,BA.5.1,BA.5.1,BA.5.1,,,,,,,,BA.5.1,,,,,BA.5.1,BA.5.1,BA.5.1,BA.5.1,
C.39,,,,,,,,,,,,,,,,,,,,,,,,,,,,C.39,,,,,,,,,,,,,,,,,,,,,,,,,,,,,,,,,,,C.39,,,,,,,,,,,,,,,,,,,,,,,,,,,,,,,,,C.39,C.39,C.39,,
BA.1,,,,,,,,,,,BA.1,,,,,,BA.1,,,BA.1,,,,,,,,BA.1,,,,BA.1,,,,,,,,BA.1,,BA.1,BA.1,,BA.1,BA.1,BA.1,BA.1,BA.1,,,,,,,BA.1,BA.1,BA.1,BA.1,BA.1,BA.1,BA.1,BA.1,BA.1,BA.1,BA.1,BA.1,BA.1,,,BA.1,BA.1,,,,,,,,BA.1,,BA.1,BA.1,,,,,,,,BA.1,,,,,BA.1,BA.1,BA.1,,
B.1.617.2,,,,,,,,,,,,,,,,,,,,,,,,,,,,B.1.617.2,,,,,,,,,,B.1.617.2,,,,,,,,,,,,,,,,,B.1.617.2,,B.1.617.2,,,,,,B.1.617.2,,,B.1.617.2,,,,,,,,,,,,,,,,,,,,,,,,,,,,,,B.1.617.2,,,,
AY.124,,,,,,,,,,,,,,,,,AY.124,,,,,,,,,,,AY.124,,,,,,,,,,AY.124,,,,AY.124,,,,,,,,,,,,,AY.124,,AY.124,,,,,,AY.124,,,AY.124,,,,,,,,,,,,,,,,,,,,,,,,,,,,,,AY.124,,,,
BA.2.36,,,BA.2.36,,,BA.2.36,,,BA.2.36,,,,BA.2.36,,BA.2.36,BA.2.36,BA.2.36,,,BA.2.36,,,,,,,,BA.2.36,BA.2.36,,,BA.2.36,,BA.2.36,,,,BA.2.36,,,,,BA.2.36,BA.2.36,BA.2.36,,BA.2.36,BA.2.36,BA.2.36,BA.2.36,BA.2.36,BA.2.36,,,,BA.2.36,BA.2.36,BA.2.36,BA.2.36,BA.2.36,BA.2.36,BA.2.36,BA.2.36,BA.2.36,BA.2.36,BA.2.36,BA.2.36,BA.2.36,,,BA.2.36,BA.2.36,,,,,,,BA.2.36,BA.2.36,,BA.2.36,BA.2.36,,,BA.2.36,BA.2.36,BA.2.36,,,BA.2.36,,,,,BA.2.36,BA.2.36,BA.2.36,BA.2.36,
BA.1.1.1,,,,,,,,,,,BA.1.1.1,,,,,,BA.1.1.1,,,BA.1.1.1,,,,,,,,BA.1.1.1,,,,BA.1.1.1,,,,,,,,BA.1.1.1,,BA.1.1.1,BA.1.1.1,,BA.1.1.1,BA.1.1.1,BA.1.1.1,BA.1.1.1,BA.1.1.1,,,,,,,BA.1.1.1,BA.1.1.1,BA.1.1.1,BA.1.1.1,BA.1.1.1,BA.1.1.1,BA.1.1.1,BA.1.1.1,BA.1.1.1,BA.1.1.1,BA.1.1.1,BA.1.1.1,BA.1.1.1,,,BA.1.1.1,BA.1.1.1,,,,,,,,BA.1.1.1,,BA.1.1.1,BA.1.1.1,,,,,,,,BA.1.1.1,,,,,BA.1.1.1,BA.1.1.1,BA.1.1.1,,
B.1.177,,,,,,,,,,,,,,,,,,,,,,,,,,,,B.1.177,,,,,,,,,,,,,,,,,,,,,,,,,,,,,,,,,,,B.1.177,,,,,,,,,,,,,,,,,,,,,,,,,,,,,,,,,,,,,
BA.1.17,,,,,,,,,,,BA.1.17,,,,,,BA.1.17,,,BA.1.17,,,,,,,,BA.1.17,,,,BA.1.17,,,,,,,,BA.1.17,,BA.1.17,BA.1.17,,BA.1.17,BA.1.17,BA.1.17,BA.1.17,BA.1.17,,,,,,,BA.1.17,BA.1.17,BA.1.17,BA.1.17,BA.1.17,BA.1.17,BA.1.17,BA.1.17,BA.1.17,BA.1.17,BA.1.17,BA.1.17,BA.1.17,,,BA.1.17,BA.1.17,,,,,,,,BA.1.17,,BA.1.17,BA.1.17,,,,,,,,BA.1.17,,,,,BA.1.17,BA.1.17,BA.1.17,,
B.1,,,,,,,,,,,,,,,,,,,,,,,,,,,,B.1,,,,,,,,,,,,,,,,,,,,,,,,,,,,,,,,,,,B.1,,,,,,,,,,,,,,,,,,,,,,,,,,,,,,,,,,,,,
B.1.1,,,,,,,,,,,,,,,,,,,,,,,,,,,,B.1.1,,,,,,,,,,,,,,,,,,,,,,,,,,,,,,,,,,,B.1.1,,,,,,,,,,,,,,,,,,,,,,,,,,,,,,,,,B.1.1,B.1.1,B.1.1,,
BA.1.1,,,,,,,,,,,BA.1.1,,,,,,BA.1.1,,,BA.1.1,,,,,,,,BA.1.1,,,,BA.1.1,,,,,,,,BA.1.1,,BA.1.1,BA.1.1,,BA.1.1,BA.1.1,BA.1.1,BA.1.1,BA.1.1,,,,,,,BA.1.1,BA.1.1,BA.1.1,BA.1.1,BA.1.1,BA.1.1,BA.1.1,BA.1.1,BA.1.1,BA.1.1,BA.1.1,BA.1.1,BA.1.1,,,BA.1.1,BA.1.1,,,,,,,,BA.1.1,,BA.1.1,BA.1.1,,,,,,,,BA.1.1,,,,,BA.1.1,BA.1.1,BA.1.1,,
AY.122,,,,,,,,,,,,,,,,,AY.122,,,,,,,,,,,AY.122,,,,,,,,,,AY.122,,,,,,,,,,,,,,,,,AY.122,,AY.122,,,,,,AY.122,,,AY.122,,,,,,,,,,,,,,,,,,,,,,,,,,,,,,AY.122,,,,
