,241,376,445,469,1640,2091,2358,3037,5835,6286,7743,7767,7984,8047,8109,10207,10543,11003,11459,12439,13515,14408,17104,18214,18796,20268,21255,22227,23403,24023,25413,26198,26801,27944,28851,28932,28975,29402,29614,29645,29734
Reference,C,G,T,T,G,C,C,C,C,C,G,T,T,C,C,C,C,C,T,C,C,C,C,G,C,A,G,C,A,C,C,C,C,C,G,C,G,G,C,G,G
21042364_1,T,T (0.258),T (0.224),C (0.214),A (0.195),C (0.196),T (0.179),T,T (0.255),C (0.239),G (0.219),C (0.209),C (0.264),T (0.191),X (0.494),C (0.235),C (0.235),T (0.2),G (0.225),C (0.305),C (0.217),T,T (0.164),A (0.161),T (0.223),G (0.282),G (0.338),C (0.23),G,T (0.23),C (0.225),T (0.241),C (0.188),C (0.257),T (0.25),C (0.265),T (0.238),G (0.299),T (0.224),G (0.254),C (0.212)
21042364_1+2,T,G/T,C/T,T/C,G/A,T/C,C/T,T,C/T,T/C,T/G,T/C,T/C,C/T,T/C,T/C,T/C,C/T,T/G,T/C,T/C,T,C/T,G/A,C/T,A/G,C/G,T/C,G,C/T,T/C,C/T,G/C,T/C,G/T,T/C,G/T,T/G,C/T,T/G,G/C
21042364_2,T,G (0.742),C (0.776),T (0.786),G (0.804),T (0.804),C (0.821),T,C (0.743),T (0.761),T (0.781),T (0.791),T (0.736),C (0.809),X (0.506),T (0.765),T (0.765),C (0.8),T (0.775),T (0.695),T (0.783),T,C (0.835),G (0.839),C (0.777),A (0.718),C (0.662),T (0.768),G,C (0.77),T (0.775),C (0.759),G (0.812),T (0.742),G (0.75),T (0.734),G (0.762),T (0.701),C (0.776),T (0.744),G (0.788)
Total_DP,806,1660,2012,2343,1366,1916,351,568,652,1201,581,570,679,658,686,1297,801,957,848,643,766,912,1160,716,1151,85,71,628,1513,1341,1590,893,1263,728,832,779,660,375,648,594,259
BA.3,,,,,,,,,,,,,,,,,,,,,,BA.3,,,,,,,BA.3,,,,,,,,,,,,
AY.43,,,,,,,,,,,,,,,,,,,,,,AY.43,,,,,,,AY.43,,,,,,,,,AY.43,,,
B.1.1.7,,,,,,,,,,,,,,,,,,,,,,B.1.1.7,,,,,,,B.1.1.7,,,,,,,,,,,,
BA.4,,,,,,,,,,,,,,,,,,,,,,BA.4,,,,,,,BA.4,,,,,,,,,,,,
AY.127,,,,,,,,,,,,,,,,,,,,,,AY.127,,,,,,,AY.127,,,,,,,,,AY.127,,,
BA.2,,,,,,,,,,,,,,,,,,,,,,BA.2,,,,,,,BA.2,,,,,,,,,,,,
BA.5.1,,,,,,,,,,,,,,,,,,,,,,BA.5.1,,,,,,,BA.5.1,,,,,,,,,,,,
C.39,,,,,,,,,,,,,,,,,,,,,,C.39,,,,,,,C.39,,,,,,,,,,,,
BA.1,,,,,,,,,,,,,,,,,,,,,,BA.1,,,,,,,BA.1,,,,,,,,,,,,
B.1.617.2,,,,,,,,,,,,,,,,,,,,,,B.1.617.2,,,,,,,B.1.617.2,,,,,,,,,B.1.617.2,,,
AY.124,,,,,,,,,,,,,,,,,,,,,,AY.124,,,,,,,AY.124,,,,,,,,,AY.124,,,
BA.2.36,,,,,,,,,,,,,,,,,,,,,,BA.2.36,,,,,,,BA.2.36,,,,,,,,,,,,
BA.1.1.1,,,,,,,,,,,,,,,,,,,,,,BA.1.1.1,,,,,,,BA.1.1.1,,,,,,,,,,,,
B.1.177,,,,,,,,,,,,,,,,,,,,,,B.1.177,,,,,,,B.1.177,,,,,,,B.1.177,,,,B.1.177,
BA.1.17,,,,,,,,,,,,,,,,,,,,,,BA.1.17,,,,,,,BA.1.17,,,,,,,,,,,,
B.1,,,,,,,,,,,,,,,,,,,,,,B.1,,,,,,,B.1,,,,,,,,,,,,
B.1.1,,,,,,,,,,,,,,,,,,,,,,B.1.1,,,,,,,B.1.1,,,,,,,,,,,,
BA.1.1,,,,,,,,,,,,,,,,,,,,,,BA.1.1,,,,,,,BA.1.1,,,,,,,,,,,,
AY.122,,,,,,,,,,,,,,,,,,,,,,AY.122,,,,,,,AY.122,,,,,,,,,AY.122,,,
