,210,913,1593,1625,3140,3267,4181,4212,5388,5986,6402,6954,7124,8986,9053,10029,10192,10323,11201,11332,12509,13971,14676,15279,15451,16176,16466,17004,17590,18647,18687,18994,19220,21301,21618,22917,22995,23063,23271,23604,23709,24040,24410,24506,24914,25469,26526,26767,27376,27638,27752,27874,27972,28013,28048,28111,28280,28281,28282,28461,28733,28881,28882,28883,28916,28977,29402,29717,29742
Reference,G,C,C,C,C,C,G,C,C,C,C,T,C,C,G,C,T,A,A,A,A,C,C,C,G,T,C,C,G,C,C,G,C,C,C,T,C,A,C,C,C,G,G,T,G,C,G,T,G,T,C,C,C,C,G,A,G,A,T,A,A,G,G,G,G,C,G,G,G
Sample1,T (0.394),C (0.388),C (0.346),C (0.176),C (0.358),C (0.405),T (0.403),C (0.398),C (0.403),C (0.425),T (0.409),T (0.399),T (0.416),T (0.381),T (0.417),T (0.366),A (0.419),G (0.443),G (0.412),G (0.426),A (0.425),T (0.367),C (0.377),C (0.426),A (0.461),T (0.416),T (0.404),C (0.409),T (0.296),C (0.396),C (0.408),G (0.428),T (0.424),A (0.383),C (0.464),G (0.438),A (0.433),A (0.417),C (0.474),G (0.443),C (0.418),T (0.421),A (0.348),T (0.4),G (0.4),C (0.497),G (0.474),C (0.483),T (0.412),C (0.466),C (0.484),T (0.494),T (0.486),C (0.49),G (0.499),G (0.49),C (0.283),T (0.288),A (0.289),G (0.495),A (0.49),G (0.215),A (0.216),C (0.22),G (0.419),T (0.495),G (0.406),T (0.481),G (0.497)
Sample1+2,G/T,T/C,T/C,T/C,T/C,T/C,G/T,T/C,A/C,T/C,C/T,C/T,C/T,C/T,G/T,C/T,T/A,A/G,A/G,A/G,T/A,C/T,T/C,T/C,G/A,C/T,C/T,T/C,G/T,T/C,T/C,A/G,C/T,C/A,G/C,T/G,C/A,T/A,A/C,C/G,T/C,G/T,G/A,G/T,C/G,T/C,T/G,T/C,G/T,T/C,T/C,C/T,C/T,T/C,T/G,A/G,G/C,A/T,T/A,A/G,G/A,T/G,G/A,G/C,T/G,C/T,T/G,G/T,T/G
Sample2,G (0.606),T (0.612),T (0.654),T (0.824),T (0.642),T (0.595),G (0.597),T (0.602),A (0.597),T (0.575),C (0.591),C (0.601),C (0.584),C (0.619),G (0.583),C (0.634),T (0.581),A (0.557),A (0.588),A (0.574),T (0.575),C (0.633),T (0.623),T (0.574),G (0.539),C (0.584),C (0.596),T (0.591),G (0.704),T (0.604),T (0.592),A (0.572),C (0.576),C (0.617),G (0.536),T (0.562),C (0.567),T (0.583),A (0.526),C (0.557),T (0.582),G (0.579),G (0.652),G (0.6),C (0.6),T (0.503),T (0.526),T (0.517),G (0.588),T (0.534),T (0.516),C (0.506),C (0.514),T (0.51),T (0.501),A (0.51),G (0.717),A (0.712),T (0.711),A (0.505),G (0.51),T (0.785),G (0.784),G (0.78),T (0.581),C (0.505),T (0.594),G (0.519),T (0.503)
Total_DP,378,508,185,233,265,518,491,498,528,294,565,466,394,436,533,336,534,560,961,946,691,308,520,570,495,551,391,849,453,596,512,439,389,107,276,96,120,132,548,433,481,285,279,315,663,392,152,418,805,191,182,344,469,461,413,529,533,532,544,366,410,237,236,236,246,210,352,555,557
B.1.617.2,,,,,,,,,,,,,,,,,,,,,,,,,,,,,,,,,,,,,,,,,,,,,,,,,,,,,,,,,,,,,,,,,,,,,
AY.127,,,,,,,AY.127,,,,AY.127,,AY.127,,AY.127,AY.127,,,AY.127,,,,,,AY.127,,AY.127,,,,,,AY.127,,AY.127,AY.127,AY.127,,,AY.127,,,AY.127,,,AY.127,,AY.127,,AY.127,AY.127,AY.127,,,,,,,,AY.127,,AY.127,,,AY.127,,AY.127,,
BA.1,,,,,,,,,,,,,,,,BA.1,,,,,,,,,,,,,,,,,,,,,BA.1,BA.1,,BA.1,,,,,,,,,,,,,,,,,,,,,,BA.1,BA.1,BA.1,,,,,
BA.2.36,,,,,,,,,,,,,,,,BA.2.36,,,,,,,,,,,,,,,,,,,BA.2.36,,BA.2.36,BA.2.36,,BA.2.36,,,,,,,,,,,,,,,,,,,,,,BA.2.36,BA.2.36,BA.2.36,,,,,
AY.124,,,AY.124,,,,AY.124,,,,AY.124,,AY.124,,AY.124,AY.124,,AY.124,AY.124,,,,,,AY.124,,AY.124,,,,,,AY.124,AY.124,AY.124,AY.124,AY.124,,,AY.124,,,AY.124,,,AY.124,,AY.124,,AY.124,AY.124,AY.124,,,,,,,,AY.124,,AY.124,,,AY.124,,AY.124,,
BA.1.1.1,,,,,,,,,,,,,,,,BA.1.1.1,,,,,,,,,,,,,,,,,,,,,BA.1.1.1,BA.1.1.1,,BA.1.1.1,,,,,,,,,,,,,,,,,,,,,,BA.1.1.1,BA.1.1.1,BA.1.1.1,,,,,
B.1,,,,,,,,,,,,,,,,,,,,,,,,,,,,,,,,,,,,,,,,,,,,,,,,,,,,,,,,,,,,,,,,,,,,,
C.39,,,,,,,,,,,,,,,,,,,,,,,,,,,,,,,,,,,,,,,,,,,,,,,,,,,,,,,,,,,,,,C.39,C.39,C.39,,,,,
BA.3,,,,,,,,,,,,,,,,BA.3,,,,,,,,,,,,,,,,,,,,,BA.3,BA.3,,BA.3,,,,,,,,,,,,,,,,,,,,,,BA.3,BA.3,BA.3,,,,,
AY.43,,,,,,,AY.43,,,,AY.43,,AY.43,,AY.43,AY.43,,,AY.43,,,,,,AY.43,,AY.43,,,,,,AY.43,,AY.43,AY.43,AY.43,,,AY.43,,,AY.43,,,AY.43,,AY.43,,AY.43,AY.43,AY.43,,,,,,,,AY.43,,AY.43,,,AY.43,,AY.43,,
BA.4,,,,,,,,,,,,,,,,BA.4,,,,,,,,,,,,,,,,,,,BA.4,BA.4,BA.4,BA.4,,BA.4,,,,,,,,,,,,,,,,,,,,,,,,BA.4,,,,,
AY.122,,,,,,,AY.122,,,,AY.122,,AY.122,,AY.122,AY.122,,,AY.122,,,,,,AY.122,,AY.122,,,,,,AY.122,,AY.122,AY.122,AY.122,,,AY.122,,,AY.122,,,AY.122,,AY.122,,AY.122,AY.122,AY.122,,,,,,,,AY.122,,AY.122,,,AY.122,,AY.122,,
B.1.1.7,,,,,,B.1.1.7,,,B.1.1.7,,,B.1.1.7,,,,,,,,,,,,,,,,,,,,,,,,,,B.1.1.7,B.1.1.7,B.1.1.7,B.1.1.7,,,B.1.1.7,B.1.1.7,,,,,,,,B.1.1.7,,B.1.1.7,B.1.1.7,,B.1.1.7,,,,B.1.1.7,B.1.1.7,B.1.1.7,,B.1.1.7,,,
BA.1.1,,,,,,,,,,,,,,,,BA.1.1,,,,,,,,,,,,,,,,,,,,,BA.1.1,BA.1.1,,BA.1.1,,,,,,,,,,,,,,,,,,,,,,BA.1.1,BA.1.1,BA.1.1,,,,,
BA.5.1,,,,,,,,,,,,,,,,BA.5.1,,,,,,,,,,,,,,,,,,,BA.5.1,BA.5.1,BA.5.1,BA.5.1,,BA.5.1,,,,,,,,,,,,,,,,,,,,,,BA.5.1,BA.5.1,BA.5.1,,,,,
B.1.1,,,,,,,,,,,,,,,,,,,,,,,,,,,,,,,,,,,,,,,,,,,,,,,,,,,,,,,,,,,,,,B.1.1,B.1.1,B.1.1,,,,,
B.1.177,,,,,,,,,,,,,,,,,,,,,,,,,,,,,,,,,,,,,,,,,,,,,,,,,,,,,,,,,,,,,,,,,,,,,
BA.2,,,,,,,,,,,,,,,,BA.2,,,,,,,,,,,,,,,,,,,BA.2,,BA.2,BA.2,,BA.2,,,,,,,,,,,,,,,,,,,,,,BA.2,BA.2,BA.2,,,,,
BA.1.17,,,,,,,,,,,,,,,,BA.1.17,,,,,,,,,,,,,,,,,,,,,BA.1.17,BA.1.17,,BA.1.17,,,,,,,,,,,,,,,,,,,,,,BA.1.17,BA.1.17,BA.1.17,,,,,
