,449,670,2388,2470,3037,3050,4184,4312,4321,4640,4680,5386,5924,6158,6681,7124,7735,7886,8393,9866,10029,10198,10447,10449,11094,11537,12164,12880,13195,13608,13620,14408,14464,14966,15240,15654,15714,15718,17401,17410,17547,18060,18163,19220,19679,19955,20055,21595,21618,21762,21770,21846,22917,22995,23403,23525,23599,23622,23948,24130,24424,24469,24503,24553,24581,25000,25324,25807,25810,26060,26270,26577,26709,27259,27382,27383,27384,27807,27874,28251,28253,28254,28271,28311,28881,28882,28883,29239,29402,29894
Reference,C,T,C,C,C,G,G,T,C,T,C,T,G,G,C,C,C,A,G,C,C,C,G,C,C,A,G,C,T,C,C,C,G,G,C,C,C,G,G,C,C,C,A,C,G,C,A,C,C,C,G,C,T,C,A,C,T,T,G,C,A,T,C,C,T,C,C,T,C,C,C,C,G,A,G,A,T,C,C,T,C,A,A,C,G,G,G,G,G,A
Sample1,T (0.088),G (0.363),T (0.151),T (0.139),T,T (0.083),G (0.38),C (0.246),C (0.412),G (0.053),A (0.083),T (0.298),G (0.32),A (0.065),T (0.229),T (0.249),T (0.132),T (0.16),G (0.178),T,T,T (0.116),A (0.158),A,T (0.385),A (0.187),T (0.074),T (0.256),T (0.183),X (0.461),X (0.461),T,T (0.109),A (0.053),C (0.214),T (0.102),T (0.258),T (0.054),T (0.056),T (0.114),T (0.117),T (0.198),G,T (0.06),X (0.474),T (0.161),G (0.282),T (0.063),T (0.177),C (0.075),A (0.326),T,G,A,G,T,G,G (0.055),T,A,T,A,C (0.231),A (0.058),C (0.053),T,A (0.059),C (0.078),T (0.122),T,T,G,A,C,C,T,C,C (0.052),T (0.067),G (0.067),T (0.08),C (0.067),T,T,A,A,C,T (0.08),T (0.077),G (0.087)
Sample1+2,C/T,T/G,C/T,C/T,T,G/T,A/G,T/C,T/C,T/G,C/A,G/T,A/G,G/A,C/T,C/T,C/T,A/T,A/G,T,T,C/T,G/A,A,C/T,G/A,G/T,C/T,C/T,C/A,T/C,T,G/T,G/A,T/C,C/T,C/T,G/T,G/T,C/T,C/T,C/T,G,C/T,G/T,C/T,A/G,C/T,C/T,T/C,G/A,T,G,A,G,T,G,T/G,T,A,T,A,T/C,C/A,T/C,T,C/A,T/C,C/T,T,T,G,A,C,C,T,C,T/C,C/T,T/G,C/T,A/C,T,T,A,A,C,G/T,G/T,A/G
Sample2,C (0.912),T (0.637),C (0.849),C (0.861),T,G (0.917),A (0.62),T (0.754),T (0.588),T (0.947),C (0.917),G (0.702),A (0.68),G (0.935),C (0.771),C (0.751),C (0.868),A (0.84),A (0.822),T,T,C (0.884),G (0.842),A,C (0.615),G (0.813),G (0.926),C (0.744),C (0.817),X (0.539),X (0.539),T,G (0.891),G (0.947),T (0.786),C (0.898),C (0.742),G (0.946),G (0.944),C (0.886),C (0.883),C (0.802),G,C (0.94),X (0.526),C (0.839),A (0.718),C (0.937),C (0.823),T (0.925),G (0.674),T,G,A,G,T,G,T (0.945),T,A,T,A,T (0.769),C (0.942),T (0.947),T,C (0.941),T (0.922),C (0.878),T,T,G,A,C,C,T,C,T (0.948),C (0.933),T (0.933),C (0.92),A (0.933),T,T,A,A,C,G (0.92),G (0.923),A (0.913)
Total_DP,514,430,325,244,749,762,279,211,199,113,719,547,596,898,35,285,356,387,1587,86,106,777,400,375,273,809,1010,371,854,193,204,538,587,19,889,1650,1741,1699,959,991,1228,1386,1537,463,194,56,71,854,825,848,95,836,33,66,1445,1198,586,55,1192,1395,121,625,827,971,1061,107,1206,667,672,109,93,25,73,121,115,114,114,421,375,1005,1014,1016,1041,925,721,716,716,740,794,23
B.1.617.2,,,,,,,,,,,,,,,,,,,,,,,,,,,,,,,,B.1.617.2,,,,,,,,,,,,,,,,,,,,,,,B.1.617.2,,,,,,,,,,,,,,,,,,,,,,,,,,,,,,,,,,,
AY.127,,,,,,,,,,,,,,,,AY.127,,,,,AY.127,,,,,,,,,,,AY.127,,,,,,,,,,,,AY.127,,,,,AY.127,,,AY.127,AY.127,AY.127,AY.127,,,,,,,,,,,,,,,,,,,,,,,,AY.127,,,,,,AY.127,,,,AY.127,
BA.1,,,,,,,,,,,,,,,,,,,BA.1,,BA.1,,,BA.1,,BA.1,,,,,,BA.1,,,,,,,,,,,BA.1,,,,,,,BA.1,,BA.1,,BA.1,BA.1,BA.1,BA.1,,BA.1,BA.1,BA.1,BA.1,BA.1,,,,,,,,BA.1,BA.1,BA.1,,,,,,,,,,,BA.1,BA.1,BA.1,BA.1,,,
BA.2.36,,BA.2.36,,,,,BA.2.36,,,,,,,,,,,,,BA.2.36,BA.2.36,,,BA.2.36,,,,,,,,BA.2.36,,,,,,,,BA.2.36,,,BA.2.36,,,BA.2.36,,,BA.2.36,,,,,BA.2.36,BA.2.36,BA.2.36,BA.2.36,,BA.2.36,,BA.2.36,BA.2.36,,,,,,,,BA.2.36,BA.2.36,BA.2.36,BA.2.36,,BA.2.36,BA.2.36,BA.2.36,,,,,,,BA.2.36,BA.2.36,BA.2.36,BA.2.36,,,
AY.124,,,,,,,,,,,,,,,,AY.124,,,,,AY.124,,,,,,,,,,,AY.124,,,,,,,,,,,,AY.124,,,,,AY.124,,,AY.124,AY.124,AY.124,AY.124,,,,,,,,,,,,,,,,,,,,,,,,AY.124,,,,,,AY.124,,,,AY.124,
BA.1.1.1,,,,,,,,,,,,,,,,,,,BA.1.1.1,,BA.1.1.1,,,BA.1.1.1,,BA.1.1.1,,,,,,BA.1.1.1,,,,,,,,,,,BA.1.1.1,,,,,,,BA.1.1.1,,BA.1.1.1,,BA.1.1.1,BA.1.1.1,BA.1.1.1,BA.1.1.1,,BA.1.1.1,BA.1.1.1,BA.1.1.1,BA.1.1.1,BA.1.1.1,,,,,,,,BA.1.1.1,BA.1.1.1,BA.1.1.1,,,,,,,,,,,BA.1.1.1,BA.1.1.1,BA.1.1.1,BA.1.1.1,,,
B.1,,,,,,,,,,,,,,,,,,,,,,,,,,,,,,,,B.1,,,,,,,,,,,,,,,,,,,,,,,B.1,,,,,,,,,,,,,,,,,,,,,,,,,,,,,,,,,,,
C.39,,,,,,,,,,,,,,,,,,,,,,,,,,,,,,,,C.39,,,,,,,,,,,,,,,,,,,,,,,C.39,,,,,,,,,,,,,,,,,,,,,,,,,,,,,,C.39,C.39,C.39,,,
BA.3,,BA.3,,,,,BA.3,,,,,,,,,,,,,,BA.3,,,BA.3,,,,,,,,BA.3,,,,,,,,,,,BA.3,,,,,,,BA.3,,BA.3,,BA.3,BA.3,BA.3,BA.3,,BA.3,,BA.3,BA.3,,,,,,,,BA.3,BA.3,BA.3,BA.3,,,,,,,,,,,BA.3,BA.3,BA.3,BA.3,,,
AY.43,,,,,,,,,,,,,,,,AY.43,,,,,AY.43,,,,,,,,,,,AY.43,,,,,,,,,,,,AY.43,,,,,AY.43,,,,AY.43,AY.43,AY.43,,,,,,,,,,,,,,,,,,,,,,,,AY.43,,,,,,AY.43,,,,AY.43,
BA.4,,BA.4,,,,,BA.4,,,,,,,,,,,,,,BA.4,,,BA.4,,,,,,,,BA.4,,,,,,,,BA.4,,,BA.4,,,BA.4,,,BA.4,,,,BA.4,BA.4,BA.4,BA.4,BA.4,,BA.4,,BA.4,BA.4,,,,,,,,BA.4,BA.4,BA.4,BA.4,,BA.4,BA.4,BA.4,,,,,,,BA.4,,,BA.4,,,
AY.122,,,,,,,,,,,,,,,,AY.122,,,,,AY.122,,,,,,,,,,,AY.122,,,,,,,,,,,,AY.122,,,,,AY.122,,,,AY.122,AY.122,AY.122,,,,,,,,,,,,,,,,,,,,,,,,AY.122,,,,,,AY.122,,,,AY.122,
B.1.1.7,,,,,,,,,,,,,,,,,,,,,,,,,,,,,,,,B.1.1.7,,,,,,,,,,,,,,,,,,,,,,,B.1.1.7,,,,,,,,,,,,,,,,,,,,,,,,,,,,,,B.1.1.7,B.1.1.7,B.1.1.7,,,
BA.1.1,,,,,,,,,,,,,,,,,,,BA.1.1,,BA.1.1,,,BA.1.1,,BA.1.1,,,,,,BA.1.1,,,,,,,,,,,BA.1.1,,,,,,,BA.1.1,,BA.1.1,,BA.1.1,BA.1.1,BA.1.1,BA.1.1,,BA.1.1,BA.1.1,BA.1.1,BA.1.1,BA.1.1,,,,,,,,BA.1.1,BA.1.1,BA.1.1,,,,,,,,,,,BA.1.1,BA.1.1,BA.1.1,BA.1.1,,,
BA.5.1,,BA.5.1,,,,,BA.5.1,,,,,,,,,,,,,,BA.5.1,,,BA.5.1,,,,,,,,BA.5.1,,,,,,,,BA.5.1,,,BA.5.1,,,BA.5.1,,,BA.5.1,,,,BA.5.1,BA.5.1,BA.5.1,BA.5.1,BA.5.1,,BA.5.1,,BA.5.1,BA.5.1,,,,,,,,BA.5.1,BA.5.1,BA.5.1,BA.5.1,,,,,,,,,,,BA.5.1,BA.5.1,BA.5.1,BA.5.1,,,
B.1.1,,,,,,,,,,,,,,,,,,,,,,,,,,,,,,,,B.1.1,,,,,,,,,,,,,,,,,,,,,,,B.1.1,,,,,,,,,,,,,,,,,,,,,,,,,,,,,,B.1.1,B.1.1,B.1.1,,,
B.1.177,,,,,,,,,,,,,,,,,,,,,,,,,,,,,,,,B.1.177,,,,,,,,,,,,,,,,,,,,,,,B.1.177,,,,,,,,,,,,,,,,,,,,,,,,,,,,,,,,,,,
BA.2,,BA.2,,,,,BA.2,,,,,,,,,,,,,BA.2,BA.2,,,BA.2,,,,,,,,BA.2,,,,,,,,BA.2,,,BA.2,,,BA.2,,,BA.2,,,,,BA.2,BA.2,BA.2,BA.2,,BA.2,,BA.2,BA.2,,,,,,,,BA.2,BA.2,BA.2,BA.2,,BA.2,BA.2,BA.2,,,,,,,BA.2,BA.2,BA.2,BA.2,,,
BA.1.17,,,,,,,,,,,,,BA.1.17,,,,,,BA.1.17,,BA.1.17,,,BA.1.17,,BA.1.17,,,,,,BA.1.17,,,,,,,,,,,BA.1.17,,,,,,,BA.1.17,,BA.1.17,,BA.1.17,BA.1.17,BA.1.17,BA.1.17,,BA.1.17,BA.1.17,BA.1.17,BA.1.17,BA.1.17,,,,,,,,BA.1.17,BA.1.17,BA.1.17,,,,,,,,,,,BA.1.17,BA.1.17,BA.1.17,BA.1.17,,,
