,241,445,733,913,1059,1463,2218,2755,3037,3267,3371,4681,5388,5986,6319,6954,6997,8053,8152,10228,10310,10323,10377,14408,14676,15279,15341,15714,16176,17259,18756,18816,20148,21255,21714,21801,22053,22599,23012,23063,23271,23403,23604,23709,24506,24914,25563,25905,26526,27972,28048,28111,28167,28280,28281,28282,28512,29272,29645,29751
Reference,C,T,T,C,C,G,T,G,C,C,G,A,C,C,A,T,C,T,C,C,G,A,C,C,C,C,C,C,T,G,G,G,C,G,C,A,A,G,G,A,C,A,C,C,T,G,G,A,G,C,G,A,G,G,A,T,C,C,G,G
Sample1,T,C (0.237),T (0.497),C (0.432),T (0.406),T (0.395),C (0.286),T (0.349),T,T,T,G (0.181),A (0.159),T (0.225),G (0.242),C,T,C (0.262),T (0.459),T (0.199),A (0.277),G (0.272),T (0.266),T,T,T,T (0.34),T (0.256),C (0.245),T (0.444),A (0.195),T (0.178),T (0.157),C (0.33),T (0.32),C (0.366),C (0.486),A (0.243),G (0.413),A (0.328),A,G,A (0.444),C (0.495),G,C (0.225),T (0.249),T,G (0.483),C (0.472),G (0.464),A (0.497),G (0.424),C (0.353),T (0.35),A (0.346),G (0.157),T (0.201),T (0.221),T (0.399)
Sample1+2,T,T/C,C/T,T/C,C/T,G/T,T/C,G/T,T,T,T,A/G,C/A,C/T,A/G,C,T,T/C,C/T,C/T,G/A,A/G,C/T,T,T,T,C/T,C/T,T/C,G/T,G/A,G/T,C/T,G/C,C/T,A/C,A/C,G/A,A/G,T/A,A,G,C/A,T/C,G,G/C,G/T,T,T/G,T/C,T/G,G/A,A/G,G/C,A/T,T/A,C/G,C/T,G/T,G/T
Sample2,T,T (0.763),C (0.503),T (0.568),C (0.594),G (0.605),T (0.714),G (0.651),T,T,T,A (0.819),C (0.841),C (0.775),A (0.758),C,T,T (0.738),C (0.541),C (0.801),G (0.723),A (0.728),C (0.734),T,T,T,C (0.66),C (0.744),T (0.755),G (0.556),G (0.805),G (0.822),C (0.843),G (0.67),C (0.68),A (0.634),A (0.514),G (0.757),A (0.587),T (0.672),A,G,C (0.556),T (0.505),G,G (0.775),G (0.751),T,T (0.517),T (0.528),T (0.536),G (0.503),A (0.576),G (0.647),A (0.65),T (0.654),C (0.843),C (0.799),G (0.779),G (0.601)
Total_DP,113,485,143,185,613,38,227,63,483,34,33,430,496,427,165,19,17,164,148,1404,1381,1355,1168,1009,234,136,144,1040,318,99,1443,1503,115,94,466,800,74,74,242,253,228,235,957,954,56,1353,727,25,58,545,500,435,165,201,203,205,1122,1019,679,596
B.1.617.2,,,,,,,,,,,,,,,,,,,,,,,,B.1.617.2,,,,,,,,,,,,,,,,,,B.1.617.2,,,,,,,,,,,,,,,,,,
AY.127,,,,,,,,,,,,,,,,,,,,,,,,AY.127,,,,,,,,,,,,,,,,,,AY.127,AY.127,,,,,,,,,,,,,,,,,
BA.1,,,,,,,,,,,,,,,,,,,,,,,,BA.1,,,,,,,,,,,,,,,,BA.1,,BA.1,BA.1,,,,,,,,,,,,,,,,,
BA.2.36,,,,,,,,,,,,,,,,,,,,,,,,BA.2.36,,,,,,,,,,,,,,,,BA.2.36,,BA.2.36,BA.2.36,,,,,,,,,,,,,,,,,
AY.124,,,,,,,,,,,,,,,,,,,,,,AY.124,,AY.124,,,,,,,,,,,,,,,,,,AY.124,AY.124,,,,,,,,,,,,,,,,,
BA.1.1.1,,,,,,,,,,,,,,,,,,,,,,,,BA.1.1.1,,,,,,,,,,,,,,BA.1.1.1,,BA.1.1.1,,BA.1.1.1,BA.1.1.1,,,,,,,,,,,,,,,,,
B.1,,,,,,,,,,,,,,,,,,,,,,,,B.1,,,,,,,,,,,,,,,,,,B.1,,,,,,,,,,,,,,,,,,
C.39,,,,,,,,,,,,,,,,,,,,,,,,C.39,,,,,,,,,,,,,,,,,,C.39,,,,,,,,,,,,,,,,,,
BA.3,,,,,,,,,,,,,,,,,,,,,,,,BA.3,,,,,,,,,,,,,,,,BA.3,,BA.3,BA.3,,,,,,,,,,,,,,,,,
AY.43,,,,,,,,,,,,,,,,,,,,,,,,AY.43,,,,,,,,,,,,,,,,,,AY.43,AY.43,,,,,,,,,,,,,,,,,
BA.4,,,,,,,,,,,,,,,,,,,,,,,,BA.4,,,,,,,,,,,,,,,,BA.4,,BA.4,BA.4,,,,,,,,,,,,,,,,,
AY.122,,,,,,,,,,,,,,,,,,,,,,,,AY.122,,,,,,,,,,,,,,,,,,AY.122,AY.122,,,,,,,,,,,,,,,,,
B.1.1.7,,,,,,,,,,B.1.1.7,,,B.1.1.7,,,B.1.1.7,,,,,,,,B.1.1.7,,,,,,,,,,,,,,,,B.1.1.7,B.1.1.7,B.1.1.7,B.1.1.7,B.1.1.7,B.1.1.7,B.1.1.7,,,,B.1.1.7,B.1.1.7,B.1.1.7,,,B.1.1.7,,,,,
BA.1.1,,,,,,,,,,,,,,,,,,,,,,,,BA.1.1,,,,,,,,,,,,,,BA.1.1,,BA.1.1,,BA.1.1,BA.1.1,,,,,,,,,,,,,,,,,
BA.5.1,,,,,,,,,,,,,,,,,,,,,,,,BA.5.1,,,,,,,,,,,,,,,,BA.5.1,,BA.5.1,BA.5.1,,,,,,,,,,,,,,,,,
B.1.1,,,,,,,,,,,,,,,,,,,,,,,,B.1.1,,,,,,,,,,,,,,,,,,B.1.1,,,,,,,,,,,,,,,,,,
B.1.177,,,,,,,,,,,,,,,,,,,,,,,,B.1.177,,,,,,,,,,,,,,,,,,B.1.177,,,,,,,,,,,,,,,,,B.1.177,
BA.2,,,,,,,,,,,,,,,,,,,,,,,,BA.2,,,,,,,,,,,,,,,,BA.2,,BA.2,BA.2,,,,,,,,,,,,,,,,,
BA.1.17,,,,,,,,,,,,,,,,,,,,,,,,BA.1.17,,,,,,,,,,,,,,,,BA.1.17,,BA.1.17,BA.1.17,,,,,,,,,,,,,,,,,
