,670,1643,3582,4181,4184,4321,5312,6040,6638,6696,6761,7124,7926,8986,9053,9534,10198,10447,10449,12596,12880,13191,14014,15714,16466,16726,17351,17410,17924,18086,18163,18848,19220,19459,19921,19955,20055,20057,21618,21733,21777,22151,22200,22227,22747,22753,22775,22786,22813,22882,22917,22992,23013,23030,23040,23274,23525,23551,23599,23604,23948,24034,24469,24671,25454,26270,27752,27807,28271,28881,28882,28883,29402,29510
Reference,T,A,G,G,G,C,C,C,C,C,A,C,C,C,G,C,C,G,C,C,C,C,T,C,C,C,T,C,T,C,A,C,C,A,G,C,A,G,C,T,G,A,T,C,C,A,G,A,G,T,T,G,A,T,A,A,C,C,T,C,G,C,T,T,A,C,C,C,A,G,G,G,G,A
Sample1,G (0.098),G (0.125),A (0.051),G (0.111),A (0.112),T (0.113),T (0.307),X (0.469),C (0.211),T (0.056),G (0.056),T (0.392),C (0.417),C (0.324),G (0.323),T (0.309),T (0.365),A (0.429),X (0.431),A (0.127),C (0.241),A (0.06),T (0.143),T (0.15),C (0.294),C (0.201),A (0.053),T (0.275),G (0.053),T (0.052),G (0.142),A (0.053),C (0.141),G (0.068),T (0.064),X (0.455),G (0.405),T (0.184),T (0.312),C (0.083),A (0.136),T (0.077),T (0.207),T (0.25),T (0.056),C (0.053),A (0.075),C (0.071),T (0.17),G (0.211),T (0.188),A (0.191),C (0.178),C (0.167),G (0.125),G (0.106),T (0.226),C (0.205),G (0.213),C (0.208),G (0.258),T (0.255),A (0.105),G (0.051),T (0.053),T (0.076),C (0.075),T (0.161),T (0.083),G (0.119),A (0.118),C (0.119),G (0.124),C (0.098)
Sample1+2,T/G,A/G,G/A,T/G,G/A,C/T,C/T,C/T,T/C,C/T,A/G,C/T,T/C,T/C,T/G,C/T,C/T,G/A,C/A,C/A,T/C,C/A,G/T,C/T,T/C,T/C,T/A,C/T,T/G,C/T,A/G,C/A,T/C,A/G,G/T,C/T,A/G,G/T,C/T,T/C,G/A,A/T,G/T,C/T,C/T,A/C,G/A,A/C,G/T,T/G,G/T,G/A,A/C,T/C,A/G,A/G,C/T,T/C,T/G,G/C,T/G,C/T,T/A,T/G,A/T,C/T,T/C,C/T,A/T,T/G,G/A,G/C,T/G,A/C
Sample2,T (0.902),A (0.875),G (0.949),T (0.889),G (0.888),C (0.887),C (0.693),X (0.531),T (0.789),C (0.944),A (0.944),C (0.608),T (0.583),T (0.676),T (0.677),C (0.691),C (0.635),G (0.571),X (0.569),C (0.873),T (0.759),C (0.94),G (0.857),C (0.85),T (0.706),T (0.799),T (0.947),C (0.725),T (0.947),C (0.948),A (0.858),C (0.947),T (0.859),A (0.932),G (0.936),X (0.545),A (0.595),G (0.816),C (0.688),T (0.917),G (0.864),A (0.923),G (0.793),C (0.75),C (0.944),A (0.947),G (0.925),A (0.929),G (0.83),T (0.789),G (0.812),G (0.809),A (0.822),T (0.833),A (0.875),A (0.894),C (0.774),T (0.795),T (0.787),G (0.792),T (0.742),C (0.745),T (0.895),T (0.949),A (0.947),C (0.924),T (0.925),C (0.839),A (0.917),T (0.881),G (0.882),G (0.881),T (0.876),A (0.902)
Total_DP,132,593,1690,574,571,433,336,762,19,18,18,508,957,630,708,676,652,350,332,545,428,906,778,1525,805,867,929,1433,19,326,331,1235,71,161,47,44,37,38,507,627,677,26,29,28,18,19,40,42,53,71,80,68,45,18,16,367,773,709,441,403,589,569,572,928,19,118,40,31,24,675,659,657,704,366
B.1.617.2,,,,,,,,,,,,,,,,,,,,,,,,,,,,,,,,,,,,,,,,,,,,,,,,,,,,,,,,,,,,,,,,,,,,,,,,,,
AY.127,,,,AY.127,,,,,,,,AY.127,,,AY.127,,,,,,,,,,AY.127,,,,,,,,AY.127,,,,,,AY.127,,,,,,,,,,,,AY.127,,,,,,,,,AY.127,,,,,,,AY.127,,,AY.127,,,AY.127,
BA.1,,,,,,,,,,,,,,,,,,,BA.1,,,,,,,,,,,,BA.1,,,,,,,,,,,,,,,,,,,,,BA.1,BA.1,,BA.1,,BA.1,,BA.1,BA.1,BA.1,,BA.1,,,BA.1,,,,BA.1,BA.1,BA.1,,
BA.2.36,BA.2.36,,,,BA.2.36,,,,,,,,,,,BA.2.36,,,BA.2.36,,,,,,,,,BA.2.36,,,BA.2.36,,,,,BA.2.36,,,BA.2.36,,,,BA.2.36,,,,BA.2.36,BA.2.36,,,,BA.2.36,BA.2.36,,BA.2.36,,BA.2.36,,BA.2.36,BA.2.36,BA.2.36,,BA.2.36,,,BA.2.36,,,,BA.2.36,BA.2.36,BA.2.36,,BA.2.36
AY.124,,,,AY.124,,,,,,,,AY.124,,,AY.124,,,,,,,,,,AY.124,,,,,,,,AY.124,,,,,,AY.124,,,,,,,,,,,,AY.124,,,,,,,,,AY.124,,,,,,,AY.124,,,AY.124,,,AY.124,
BA.1.1.1,,,,,,,,,,,,,,,,,,,BA.1.1.1,,,,,,,,,,,,BA.1.1.1,,,,,,,,,,,,,,,,,,,,,BA.1.1.1,BA.1.1.1,,BA.1.1.1,,BA.1.1.1,,BA.1.1.1,BA.1.1.1,BA.1.1.1,,BA.1.1.1,,,BA.1.1.1,,,,BA.1.1.1,BA.1.1.1,BA.1.1.1,,
B.1,,,,,,,,,,,,,,,,,,,,,,,,,,,,,,,,,,,,,,,,,,,,,,,,,,,,,,,,,,,,,,,,,,,,,,,,,,
C.39,,,,,,,,,,,,,,,,,,,,,,,,,,,,,,,,,,,,,,,,,,,,,,,,,,,,,,,,,,,,,,,,,,,,,,C.39,C.39,C.39,,
BA.3,BA.3,,,,BA.3,,,,,,,,,,,BA.3,,,BA.3,,,,,,,,,,,,BA.3,,,,,,,,,,,,,,,,BA.3,,,,,BA.3,BA.3,,BA.3,,BA.3,,BA.3,BA.3,BA.3,,BA.3,,,BA.3,,,,BA.3,BA.3,BA.3,,BA.3
AY.43,,,,AY.43,,,,,,,,AY.43,,,AY.43,,,,,,,,,,AY.43,,,,,,,,AY.43,,,,,,AY.43,,,,,,,,,,,,AY.43,,,,,,,,,AY.43,,,,,,,AY.43,,,AY.43,,,AY.43,
BA.4,BA.4,,,,BA.4,,,,,,,,,,,BA.4,,,BA.4,,,,,,,,,BA.4,,,BA.4,,,,,BA.4,,,BA.4,,,,BA.4,,,,BA.4,BA.4,,,BA.4,BA.4,BA.4,,,,BA.4,,BA.4,BA.4,BA.4,,BA.4,,,BA.4,,,,,,BA.4,,BA.4
AY.122,,,,AY.122,,,,,,,,AY.122,,,AY.122,,,,,,,,,,AY.122,,,,,,,,AY.122,,,,,,AY.122,,,,,,,,,,,,AY.122,,,,,,,,,AY.122,,,,,,,AY.122,,,AY.122,,,AY.122,
B.1.1.7,,,,,,,,,,,,,,,,,,,,,,,,,,,,,,,,,,,,,,,,,,,,,,,,,,,,,,,,,,,,B.1.1.7,,,,,,,,,,B.1.1.7,B.1.1.7,B.1.1.7,,
BA.1.1,,,,,,,,,,,,,,,,,,,BA.1.1,,,,,,,,,,,,BA.1.1,,,,,,,,,,,,,,,,,,,,,BA.1.1,BA.1.1,,BA.1.1,,BA.1.1,,BA.1.1,BA.1.1,BA.1.1,,BA.1.1,,,BA.1.1,,,,BA.1.1,BA.1.1,BA.1.1,,
BA.5.1,BA.5.1,,,,BA.5.1,,,,,,,,,,,BA.5.1,,,BA.5.1,,,,,,,,,BA.5.1,,,BA.5.1,,,,,BA.5.1,,,BA.5.1,,,,BA.5.1,,,,BA.5.1,BA.5.1,,,BA.5.1,BA.5.1,BA.5.1,,,,BA.5.1,,BA.5.1,BA.5.1,BA.5.1,,BA.5.1,,,BA.5.1,,,,BA.5.1,BA.5.1,BA.5.1,,BA.5.1
B.1.1,,,,,,,,,,,,,,,,,,,,,,,,,,,,,,,,,,,,,,,,,,,,,,,,,,,,,,,,,,,,,,,,,,,,,,B.1.1,B.1.1,B.1.1,,
B.1.177,,,,,,,,,,,,,,,,,,,,,,,,,,,,,,,,,,,,,,,,,,,,,,,,,,,,,,,,,,,,,,,,,,,,,,,,,,
BA.2,BA.2,,,,BA.2,,,,,,,,,,,BA.2,,,BA.2,,,,,,,,,BA.2,,,BA.2,,,,,BA.2,,,BA.2,,,,BA.2,,,,BA.2,BA.2,,,,BA.2,BA.2,,BA.2,,BA.2,,BA.2,BA.2,BA.2,,BA.2,,,BA.2,,,,BA.2,BA.2,BA.2,,BA.2
BA.1.17,,,,,,,,,,,,,,,,,,,BA.1.17,,,,,,,,,,,,BA.1.17,,,,,,,,,,,,,,,,,,,,,BA.1.17,BA.1.17,,BA.1.17,,BA.1.17,,BA.1.17,BA.1.17,BA.1.17,,BA.1.17,,,BA.1.17,,,,BA.1.17,BA.1.17,BA.1.17,,
