,210,241,501,1718,2832,3037,4021,4181,5386,6254,6402,6665,7124,8393,8986,9053,10029,10449,10479,11201,11332,11537,13168,13195,14403,14408,15240,15451,16466,16726,18163,19220,19859,21618,21762,21846,21987,22194,22578,22673,22674,22679,22686,22708,22858,22917,22992,22995,23013,23040,23048,23055,23063,23075,23202,23403,23525,23557,23599,23604,23948,24130,24410,24424,24469,24503,25000,25469,25584,25766,25855,25996,26270,26530,26577,26709,26730,26767,27259,27638,27752,27807,27874,28271,28311,28396,28461,28881,28882,28883,28916,29402,29616,29627,29742,29769
Reference,G,C,C,A,A,C,C,G,T,G,C,C,C,G,C,G,C,C,A,A,A,A,C,T,C,C,C,G,C,C,A,C,C,C,C,C,G,A,G,T,C,T,C,G,C,T,G,C,A,A,G,A,A,T,C,A,C,C,T,C,G,C,G,A,T,C,C,C,C,T,G,G,C,A,C,G,G,T,A,T,C,C,C,A,C,G,A,G,G,G,G,G,G,C,G,C
21517485_1,T (0.276),T,C (0.274),G (0.271),A (0.223),T,T (0.254),T (0.193),T (0.252),A (0.292),T (0.292),C (0.256),T (0.206),G (0.261),T (0.29),T (0.326),T,C (0.273),C (0.264),G (0.247),G (0.295),A (0.277),T (0.258),T (0.298),T (0.295),T,C (0.3),A (0.279),T (0.302),T (0.314),A (0.255),T (0.275),T (0.296),G (0.269),C (0.474),T,A,T (0.164),G (0.289),T (0.32),C (0.324),T (0.309),C (0.322),T (0.366),T,G,G (0.389),A,A (0.34),A (0.38),G (0.348),A (0.317),A (0.341),T (0.326),C (0.304),G,C (0.248),T (0.281),G (0.463),C (0.41),G (0.351),C (0.263),A (0.279),A (0.275),T (0.264),C (0.321),C (0.269),T (0.185),C (0.223),T (0.246),T (0.299),T (0.244),C (0.404),G (0.375),G (0.211),A (0.21),G (0.217),T (0.221),A (0.337),C (0.236),T (0.201),C (0.214),T (0.189),T,T,A (0.175),G (0.395),G (0.42),A (0.418),C (0.416),T (0.424),T (0.157),T (0.188),T (0.192),T (0.177),T (0.236)
21517485_1+2,G/T,T,T/C,A/G,G/A,T,C/T,G/T,G/T,G/A,C/T,T/C,C/T,A/G,C/T,G/T,T,A/C,A/C,A/G,A/G,G/A,C/T,C/T,C/T,T,T/C,G/A,C/T,C/T,G/A,C/T,C/T,C/G,T/C,T,A,A/T,A/G,C/T,T/C,C/T,T/C,G/T,T,G,A/G,A,C/A,G/A,A/G,G/A,T/A,C/T,A/C,G,T/C,C/T,T/G,G/C,T/G,A/C,G/A,T/A,A/T,T/C,T/C,C/T,T/C,C/T,G/T,G/T,T/C,A/G,C/G,G/A,T/G,C/T,C/A,T/C,C/T,T/C,C/T,T,T,G/A,A/G,T/G,G/A,G/C,G/T,G/T,G/T,C/T,G/T,C/T
21517485_2,G (0.724),T,T (0.726),A (0.729),G (0.777),T,C (0.746),G (0.807),G (0.748),G (0.708),C (0.708),T (0.744),C (0.794),A (0.739),C (0.71),G (0.674),T,A (0.727),A (0.736),A (0.753),A (0.705),G (0.723),C (0.742),C (0.702),C (0.705),T,T (0.7),G (0.721),C (0.698),C (0.686),G (0.745),C (0.725),C (0.704),C (0.731),T (0.526),T,A,A (0.836),A (0.711),C (0.68),T (0.676),C (0.691),T (0.678),G (0.634),T,G,A (0.611),A,C (0.66),G (0.62),A (0.652),G (0.683),T (0.659),C (0.674),A (0.696),G,T (0.752),C (0.719),T (0.537),G (0.59),T (0.649),A (0.737),G (0.721),T (0.725),A (0.736),T (0.679),T (0.731),C (0.815),T (0.777),C (0.754),G (0.701),G (0.756),T (0.596),A (0.625),C (0.789),G (0.79),T (0.783),C (0.779),C (0.663),T (0.764),C (0.799),T (0.786),C (0.811),T,T,G (0.825),A (0.605),T (0.58),G (0.582),G (0.584),G (0.576),G (0.843),G (0.812),C (0.808),G (0.823),C (0.764)
Total_DP,196,191,292,310,215,276,315,150,246,161,233,250,306,234,276,276,272,414,469,401,519,325,578,487,298,250,253,262,377,325,459,287,226,428,270,229,59,140,294,259,259,249,258,246,63,65,157,156,215,237,247,243,305,313,319,358,371,313,296,256,188,232,258,262,254,277,182,271,300,346,348,499,455,371,327,485,492,503,282,182,344,323,297,378,443,394,390,348,347,351,335,223,266,265,266,220
BA.3,,,,,,,,,,,,,,,,,BA.3,BA.3,,,,,,,,BA.3,,,,,BA.3,,,,BA.3,BA.3,BA.3,BA.3,BA.3,BA.3,BA.3,BA.3,BA.3,,,,BA.3,BA.3,BA.3,BA.3,,BA.3,BA.3,BA.3,,BA.3,BA.3,,BA.3,BA.3,BA.3,,,BA.3,BA.3,,,,,,,,BA.3,,BA.3,BA.3,,,,,,,,,BA.3,,,BA.3,BA.3,BA.3,,,,,,
AY.43,,,,,,,,AY.43,,,AY.43,,AY.43,,,AY.43,AY.43,,,AY.43,,,,,,AY.43,,AY.43,AY.43,,,AY.43,,AY.43,,,,,,,,,,,,AY.43,,AY.43,,,,,,,,AY.43,,,,AY.43,,,AY.43,,,,,AY.43,,,,,,,,,,AY.43,,AY.43,AY.43,,AY.43,,,,AY.43,AY.43,,,AY.43,AY.43,,,,
B.1.1.7,,,,,,,,,,,,,,,,,,,,,,,,,,B.1.1.7,,,,,,,,,,,,,,,,,,,,,,,,,,,B.1.1.7,,,B.1.1.7,,,,B.1.1.7,,,,,,,,,,,,,,,,,,,,,,,,,,,,B.1.1.7,B.1.1.7,B.1.1.7,,,,,,
BA.4,,,,,,,,,,,,,,,,,BA.4,BA.4,,,,,,,,BA.4,,,,,BA.4,,,BA.4,,,BA.4,,BA.4,,BA.4,BA.4,BA.4,,,BA.4,BA.4,BA.4,BA.4,,,BA.4,BA.4,BA.4,,BA.4,BA.4,,BA.4,BA.4,BA.4,,,BA.4,BA.4,,,,,,,,BA.4,,BA.4,BA.4,,,,,,,,,BA.4,,,,,BA.4,,,,,,
AY.127,,,,,,,,AY.127,,,AY.127,,AY.127,,,AY.127,AY.127,,,AY.127,,,,,,AY.127,,AY.127,AY.127,,,AY.127,,AY.127,,AY.127,,,,,,,,,,AY.127,,AY.127,,,,,,,,AY.127,,,,AY.127,,,AY.127,,,,,AY.127,,,,,,,,,,AY.127,,AY.127,AY.127,,AY.127,,,,AY.127,AY.127,,,AY.127,AY.127,,,,
BA.2,,,,,,,,,,,,,,,,,BA.2,BA.2,,,,,,,,BA.2,,,,,BA.2,,,BA.2,,,BA.2,,BA.2,,BA.2,BA.2,BA.2,,,,BA.2,BA.2,BA.2,BA.2,,BA.2,BA.2,BA.2,,BA.2,BA.2,,BA.2,BA.2,BA.2,,,BA.2,BA.2,,,,,,,,BA.2,,BA.2,BA.2,,,,,,,,,BA.2,,,BA.2,BA.2,BA.2,,,,,,
BA.5.1,,,,,,,,,,,,,,,,,BA.5.1,BA.5.1,,,,,,,,BA.5.1,,,,,BA.5.1,,,BA.5.1,,,BA.5.1,,BA.5.1,,BA.5.1,BA.5.1,BA.5.1,,,BA.5.1,BA.5.1,BA.5.1,BA.5.1,,,BA.5.1,BA.5.1,BA.5.1,,BA.5.1,BA.5.1,,BA.5.1,BA.5.1,BA.5.1,,,BA.5.1,BA.5.1,,,,,,,,BA.5.1,,BA.5.1,BA.5.1,,,,,,,,,BA.5.1,,,BA.5.1,BA.5.1,BA.5.1,,,,,,
C.39,,,,,,,,,,,,,,,,,,,,,,,,,,C.39,,,,,,,,,,,,,,,,,,,,,,,,,,,,,,C.39,,,,,,,,,,,,,,,,,,,,,,,,,,,,,,,,C.39,C.39,C.39,,,,,,
BA.1,,,,,BA.1,,,,,,,,,BA.1,,,BA.1,BA.1,,,,BA.1,,,,BA.1,,,,,BA.1,,,,BA.1,BA.1,BA.1,BA.1,BA.1,BA.1,BA.1,BA.1,BA.1,,,,BA.1,BA.1,BA.1,BA.1,BA.1,BA.1,BA.1,BA.1,BA.1,BA.1,BA.1,,BA.1,BA.1,BA.1,BA.1,,BA.1,BA.1,BA.1,,,,,,,BA.1,BA.1,BA.1,BA.1,,,,,,,,,BA.1,,,BA.1,BA.1,BA.1,,,,,,
B.1.617.2,,,,,,,,,,,,,,,,,,,,,,,,,,B.1.617.2,,B.1.617.2,B.1.617.2,,,,,B.1.617.2,,,,,,,,,,,,B.1.617.2,,B.1.617.2,,,,,,,,B.1.617.2,,,,B.1.617.2,,,B.1.617.2,,,,,B.1.617.2,,,,,,,,,,B.1.617.2,,,,,,,,,B.1.617.2,B.1.617.2,,,,B.1.617.2,,,,
AY.124,,,,,,,,AY.124,,,AY.124,,AY.124,,,AY.124,AY.124,,,AY.124,,,,,,AY.124,,AY.124,AY.124,,,AY.124,,AY.124,,AY.124,,,,,,,,,,AY.124,,AY.124,,,,,,,,AY.124,,,,AY.124,,,AY.124,,,,,AY.124,,,,,,,,,,AY.124,,AY.124,AY.124,,AY.124,,,,AY.124,AY.124,,,AY.124,AY.124,,,,
BA.2.36,,,,,,,,,,,,,,,,,BA.2.36,BA.2.36,,,,,,,,BA.2.36,,,,,BA.2.36,,,BA.2.36,,,BA.2.36,,BA.2.36,,BA.2.36,BA.2.36,BA.2.36,,,,BA.2.36,BA.2.36,BA.2.36,BA.2.36,,BA.2.36,BA.2.36,BA.2.36,,BA.2.36,BA.2.36,,BA.2.36,BA.2.36,BA.2.36,,,BA.2.36,BA.2.36,,,,,,,,BA.2.36,,BA.2.36,BA.2.36,,,,,,,,,BA.2.36,,,BA.2.36,BA.2.36,BA.2.36,,,,,,
BA.1.1.1,,,,,BA.1.1.1,,,,,,,,,BA.1.1.1,,,BA.1.1.1,BA.1.1.1,,,,BA.1.1.1,,,,BA.1.1.1,,,,,BA.1.1.1,,,,BA.1.1.1,BA.1.1.1,BA.1.1.1,BA.1.1.1,BA.1.1.1,BA.1.1.1,BA.1.1.1,BA.1.1.1,BA.1.1.1,,,,BA.1.1.1,BA.1.1.1,BA.1.1.1,BA.1.1.1,BA.1.1.1,BA.1.1.1,BA.1.1.1,BA.1.1.1,BA.1.1.1,BA.1.1.1,BA.1.1.1,,BA.1.1.1,BA.1.1.1,BA.1.1.1,BA.1.1.1,,BA.1.1.1,BA.1.1.1,BA.1.1.1,,,,,,,BA.1.1.1,BA.1.1.1,BA.1.1.1,BA.1.1.1,,,,,,,,,BA.1.1.1,,,BA.1.1.1,BA.1.1.1,BA.1.1.1,,,,,,
B.1.177,,,,,,,,,,,,,,,,,,,,,,,,,,B.1.177,,,,,,,,,,,,,,,,,,,,,,,,,,,,,,B.1.177,,,,,,,,,,,,,,,,,,,,,,,,,,,,,,,,,,,,,,,,
BA.1.17,,,,,BA.1.17,,,,,,,,,BA.1.17,,,BA.1.17,BA.1.17,,,,BA.1.17,,,,BA.1.17,,,,,BA.1.17,,,,BA.1.17,BA.1.17,BA.1.17,BA.1.17,BA.1.17,BA.1.17,BA.1.17,BA.1.17,BA.1.17,,,,BA.1.17,BA.1.17,BA.1.17,BA.1.17,BA.1.17,BA.1.17,BA.1.17,BA.1.17,BA.1.17,BA.1.17,BA.1.17,,BA.1.17,BA.1.17,BA.1.17,BA.1.17,,BA.1.17,BA.1.17,BA.1.17,,,,,,,BA.1.17,BA.1.17,BA.1.17,BA.1.17,,,,,,,,,BA.1.17,,,BA.1.17,BA.1.17,BA.1.17,,,,,,
B.1,,,,,,,,,,,,,,,,,,,,,,,,,,B.1,,,,,,,,,,,,,,,,,,,,,,,,,,,,,,B.1,,,,,,,,,,,,,,,,,,,,,,,,,,,,,,,,,,,,,,,,
B.1.1,,,,,,,,,,,,,,,,,,,,,,,,,,B.1.1,,,,,,,,,,,,,,,,,,,,,,,,,,,,,,B.1.1,,,,,,,,,,,,,,,,,,,,,,,,,,,,,,,,B.1.1,B.1.1,B.1.1,,,,,,
BA.1.1,,,,,BA.1.1,,,,,,,,,BA.1.1,,,BA.1.1,BA.1.1,,,,BA.1.1,,,,BA.1.1,,,,,BA.1.1,,,,BA.1.1,BA.1.1,BA.1.1,BA.1.1,BA.1.1,BA.1.1,BA.1.1,BA.1.1,BA.1.1,,,,BA.1.1,BA.1.1,BA.1.1,BA.1.1,BA.1.1,BA.1.1,BA.1.1,BA.1.1,BA.1.1,BA.1.1,BA.1.1,,BA.1.1,BA.1.1,BA.1.1,BA.1.1,,BA.1.1,BA.1.1,BA.1.1,,,,,,,BA.1.1,BA.1.1,BA.1.1,BA.1.1,,,,,,,,,BA.1.1,,,BA.1.1,BA.1.1,BA.1.1,,,,,,
AY.122,,,,,,,,AY.122,,,AY.122,,AY.122,,,AY.122,AY.122,,,AY.122,,,,,,AY.122,,AY.122,AY.122,,,AY.122,,AY.122,,,,,,,,,,,,AY.122,,AY.122,,,,,,,,AY.122,,,,AY.122,,,AY.122,,,,,AY.122,,,,,,,,,,AY.122,,AY.122,AY.122,,AY.122,,,,AY.122,AY.122,,,AY.122,AY.122,,,,
