,670,2470,2790,2832,4184,4321,5386,8393,9344,9424,9534,9866,10198,10447,11537,12880,13195,14885,15240,15714,17410,17893,19955,20055,21618,21762,21846,22200,22599,22673,22775,22786,22898,23048,23202,24130,24503,26060,26530,26858,27382,27383,27384,29510
Reference,T,C,C,A,G,C,T,G,C,A,C,C,C,G,A,C,T,G,C,C,C,G,C,A,C,C,C,T,G,T,G,A,G,G,C,C,C,C,A,C,G,A,T,A
22077320_1,G (0.203),X (0.48),T (0.378),A (0.394),X (0.494),X (0.441),T (0.388),G (0.302),T (0.252),G (0.252),T (0.316),T (0.264),X (0.475),A (0.271),A (0.331),T (0.222),T (0.184),G (0.203),C (0.393),T (0.207),X (0.463),G (0.365),T (0.375),G (0.377),T (0.414),T (0.345),X (0.442),T (0.388),G (0.226),T (0.163),A (0.287),C (0.294),G (0.285),G (0.298),C (0.321),C (0.299),X (0.468),T (0.308),X (0.463),T (0.258),C (0.231),T (0.225),C (0.256),C (0.226)
22077320_1+2,T/G,T/C,C/T,G/A,G/A,C/T,G/T,A/G,C/T,A/G,C/T,C/T,T/C,G/A,G/A,C/T,C/T,A/G,T/C,C/T,T/C,A/G,C/T,A/G,C/T,C/T,C/T,G/T,A/G,C/T,G/A,A/C,A/G,A/G,A/C,A/C,T/C,C/T,A/G,C/T,G/C,A/T,T/C,A/C
22077320_2,T (0.797),X (0.52),C (0.622),G (0.606),X (0.506),X (0.559),G (0.612),A (0.698),C (0.748),A (0.748),C (0.684),C (0.736),X (0.525),G (0.729),G (0.669),C (0.778),C (0.816),A (0.797),T (0.607),C (0.793),X (0.537),A (0.635),C (0.625),A (0.623),C (0.586),C (0.655),X (0.558),G (0.612),A (0.774),C (0.837),G (0.713),A (0.706),A (0.715),A (0.702),A (0.679),A (0.701),X (0.532),C (0.692),X (0.537),C (0.742),G (0.769),A (0.775),T (0.744),A (0.774)
Total_DP,3065,896,1650,1343,1669,1222,2731,3344,2417,2496,3651,1820,2979,3935,3206,3498,4127,1860,2562,4219,2156,1955,1239,1183,3075,2300,1917,976,668,566,795,704,1045,2484,2679,2689,3062,3126,1538,1964,2186,2169,2212,2289
BA.3,BA.3,,,,BA.3,,,,,,BA.3,,,,,,,,,,,,,,,BA.3,BA.3,,,BA.3,BA.3,,,,,,,BA.3,,,,,,BA.3
AY.43,,,,,,,,,,,,,,,,,,,,,,,,,AY.43,,,,,,,,,,,,,,,,,,,
B.1.1.7,,,,,,,,,,,,,,,,,,,,,,,,,,,,,,,,,,,,,,,,,,,,
BA.4,BA.4,,BA.4,,BA.4,,,,BA.4,,BA.4,,,,,,,,,,BA.4,,BA.4,,BA.4,,,BA.4,,,BA.4,BA.4,,,,,,BA.4,,,BA.4,BA.4,BA.4,BA.4
AY.127,,,,,,,,,,,,,,,,,,,,,,,,,AY.127,,AY.127,,,,,,,,,,,,,,,,,
BA.2,BA.2,,BA.2,,BA.2,,,,BA.2,,BA.2,BA.2,,,,,,,,,BA.2,,BA.2,,BA.2,,,BA.2,,,BA.2,BA.2,,,,,,BA.2,,,BA.2,BA.2,BA.2,BA.2
BA.5.1,BA.5.1,,BA.5.1,,BA.5.1,,,,BA.5.1,,BA.5.1,,,,,,,,,,BA.5.1,,BA.5.1,,BA.5.1,,,BA.5.1,,,BA.5.1,BA.5.1,,,,,,BA.5.1,,,,,,BA.5.1
C.39,,,,,,,,,,,,,,,,,,,,,,,,,,,,,,,,,,,,,,,,,,,,
BA.1,,,,BA.1,,,,BA.1,,,,,,,BA.1,,,,,,,,,,,BA.1,BA.1,,,BA.1,,,BA.1,BA.1,BA.1,BA.1,BA.1,,BA.1,,,,,
B.1.617.2,,,,,,,,,,,,,,,,,,,,,,,,,,,,,,,,,,,,,,,,,,,,
AY.124,,,,,,,,,,,,,,,,,,,,,,,,,AY.124,,AY.124,,,,,,,,,,,,,,,,,
BA.2.36,BA.2.36,,BA.2.36,,BA.2.36,,,,BA.2.36,,BA.2.36,BA.2.36,,,,,,,,,BA.2.36,,BA.2.36,,BA.2.36,,,BA.2.36,,,BA.2.36,BA.2.36,,,,,,BA.2.36,,,BA.2.36,BA.2.36,BA.2.36,BA.2.36
BA.1.1.1,,,,BA.1.1.1,,,,BA.1.1.1,,,,,,,BA.1.1.1,,,,,,,,,,,BA.1.1.1,BA.1.1.1,,BA.1.1.1,BA.1.1.1,,,BA.1.1.1,BA.1.1.1,BA.1.1.1,BA.1.1.1,BA.1.1.1,,BA.1.1.1,,,,,
B.1.177,,,,,,,,,,,,,,,,,,,,,,,,,,,,,,,,,,,,,,,,,,,,
BA.1.17,,,,BA.1.17,,,,BA.1.17,,,,,,,BA.1.17,,,,,,,,,,,BA.1.17,BA.1.17,,,BA.1.17,,,BA.1.17,BA.1.17,BA.1.17,BA.1.17,BA.1.17,,BA.1.17,,,,,
B.1,,,,,,,,,,,,,,,,,,,,,,,,,,,,,,,,,,,,,,,,,,,,
B.1.1,,,,,,,,,,,,,,,,,,,,,,,,,,,,,,,,,,,,,,,,,,,,
BA.1.1,,,,BA.1.1,,,,BA.1.1,,,,,,,BA.1.1,,,,,,,,,,,BA.1.1,BA.1.1,,BA.1.1,BA.1.1,,,BA.1.1,BA.1.1,BA.1.1,BA.1.1,BA.1.1,,BA.1.1,,,,,
AY.122,,,,,,,,,,,,,,,,,,,,,,,,,AY.122,,,,,,,,,,,,,,,,,,,
